-- MySQL dump 10.13  Distrib 8.0.35, for Linux (x86_64)
--
-- Host: localhost    Database: eoffice_kesdamjayav5
-- ------------------------------------------------------
-- Server version	8.0.35-0ubuntu0.23.04.1

/*!40101 SET @OLD_CHARACTER_SET_CLIENT=@@CHARACTER_SET_CLIENT */;
/*!40101 SET @OLD_CHARACTER_SET_RESULTS=@@CHARACTER_SET_RESULTS */;
/*!40101 SET @OLD_COLLATION_CONNECTION=@@COLLATION_CONNECTION */;
/*!50503 SET NAMES utf8mb4 */;
/*!40103 SET @OLD_TIME_ZONE=@@TIME_ZONE */;
/*!40103 SET TIME_ZONE='+00:00' */;
/*!40014 SET @OLD_UNIQUE_CHECKS=@@UNIQUE_CHECKS, UNIQUE_CHECKS=0 */;
/*!40014 SET @OLD_FOREIGN_KEY_CHECKS=@@FOREIGN_KEY_CHECKS, FOREIGN_KEY_CHECKS=0 */;
/*!40101 SET @OLD_SQL_MODE=@@SQL_MODE, SQL_MODE='NO_AUTO_VALUE_ON_ZERO' */;
/*!40111 SET @OLD_SQL_NOTES=@@SQL_NOTES, SQL_NOTES=0 */;

--
-- Table structure for table `api_client`
--

DROP TABLE IF EXISTS `api_client`;
/*!40101 SET @saved_cs_client     = @@character_set_client */;
/*!50503 SET character_set_client = utf8mb4 */;
CREATE TABLE `api_client` (
  `id` int NOT NULL AUTO_INCREMENT,
  `nama_instansi` varchar(100) CHARACTER SET utf8mb4 COLLATE utf8mb4_general_ci NOT NULL,
  `api_key` varchar(255) CHARACTER SET utf8mb4 COLLATE utf8mb4_general_ci NOT NULL,
  `secret_key` varchar(255) CHARACTER SET utf8mb4 COLLATE utf8mb4_general_ci NOT NULL,
  `status` enum('Aktif','Nonaktif') CHARACTER SET utf8mb4 COLLATE utf8mb4_general_ci DEFAULT 'Aktif',
  `created_at` timestamp NOT NULL DEFAULT CURRENT_TIMESTAMP,
  `endpoint` text CHARACTER SET utf8mb4 COLLATE utf8mb4_general_ci,
  PRIMARY KEY (`id`)
) ENGINE=InnoDB AUTO_INCREMENT=4 DEFAULT CHARSET=utf8mb4 COLLATE=utf8mb4_general_ci;
/*!40101 SET character_set_client = @saved_cs_client */;

--
-- Dumping data for table `api_client`
--

LOCK TABLES `api_client` WRITE;
/*!40000 ALTER TABLE `api_client` DISABLE KEYS */;
INSERT INTO `api_client` VALUES (1,'Kesdam Jaya','KESDAMJAYA2026','SECRETJAYA123','Aktif','2026-05-14 17:46:00',NULL),(2,'Kesdam Diponegoro','KESDAMDIP2026','SECRETDIP123','Aktif','2026-05-14 17:46:00','https://kesdamdiponegoro.mil.id'),(3,'Kesdam Siliwangi','KESDAMSILI2026','SECRETSILI123','Aktif','2026-05-14 17:46:00',NULL);
/*!40000 ALTER TABLE `api_client` ENABLE KEYS */;
UNLOCK TABLES;

--
-- Table structure for table `disposisi`
--

DROP TABLE IF EXISTS `disposisi`;
/*!40101 SET @saved_cs_client     = @@character_set_client */;
/*!50503 SET character_set_client = utf8mb4 */;
CREATE TABLE `disposisi` (
  `id_disposisi` int NOT NULL AUTO_INCREMENT,
  `id_surat` int NOT NULL,
  `jenis_surat` varchar(20) CHARACTER SET utf8mb4 COLLATE utf8mb4_general_ci DEFAULT NULL,
  `tujuan` varchar(100) CHARACTER SET utf8mb4 COLLATE utf8mb4_general_ci DEFAULT NULL,
  `tembusan` text CHARACTER SET utf8mb4 COLLATE utf8mb4_general_ci,
  `instruksi` text CHARACTER SET utf8mb4 COLLATE utf8mb4_general_ci,
  `tgl_disposisi` datetime DEFAULT NULL,
  `jam_disposisi` time DEFAULT NULL,
  `diserahkan_oleh` varchar(100) CHARACTER SET utf8mb4 COLLATE utf8mb4_general_ci DEFAULT NULL,
  PRIMARY KEY (`id_disposisi`)
) ENGINE=InnoDB AUTO_INCREMENT=4 DEFAULT CHARSET=utf8mb4 COLLATE=utf8mb4_general_ci;
/*!40101 SET character_set_client = @saved_cs_client */;

--
-- Dumping data for table `disposisi`
--

LOCK TABLES `disposisi` WRITE;
/*!40000 ALTER TABLE `disposisi` DISABLE KEYS */;
INSERT INTO `disposisi` VALUES (1,1,'Jajaran','Kasi Tuud','Dandenkeslap, Kasi Matkes','mohon petunjuk','2026-02-17 00:00:00','06:59:00','Admin Central'),(2,7,'Internal','Kakesdam Jaya','Dandenkeslap','mohon petunjuk','2026-02-17 00:00:00','07:01:00','Admin Central'),(3,7,'Internal','Kasi Tuud','Dandenkeslap','mohon petunjuk','2026-02-17 00:00:00','07:01:00','Admin Central');
/*!40000 ALTER TABLE `disposisi` ENABLE KEYS */;
UNLOCK TABLES;

--
-- Table structure for table `disposisi_kakesdam`
--

DROP TABLE IF EXISTS `disposisi_kakesdam`;
/*!40101 SET @saved_cs_client     = @@character_set_client */;
/*!50503 SET character_set_client = utf8mb4 */;
CREATE TABLE `disposisi_kakesdam` (
  `id_disposisi` int NOT NULL AUTO_INCREMENT,
  `id_surat` int NOT NULL,
  `tujuan_utama` varchar(50) CHARACTER SET utf8mb4 COLLATE utf8mb4_general_ci NOT NULL,
  `tembusan` text CHARACTER SET utf8mb4 COLLATE utf8mb4_general_ci,
  `catatan` text CHARACTER SET utf8mb4 COLLATE utf8mb4_general_ci,
  `ttd_disposisi` varchar(255) CHARACTER SET utf8mb4 COLLATE utf8mb4_general_ci DEFAULT NULL,
  `tanggal_disposisi` datetime DEFAULT NULL,
  `dibuat_oleh` int DEFAULT NULL,
  PRIMARY KEY (`id_disposisi`),
  KEY `fk_disposisi_kakesdam` (`id_surat`),
  CONSTRAINT `fk_disposisi_kakesdam` FOREIGN KEY (`id_surat`) REFERENCES `surat_masuk` (`id_surat`) ON DELETE CASCADE
) ENGINE=InnoDB AUTO_INCREMENT=7 DEFAULT CHARSET=utf8mb4 COLLATE=utf8mb4_general_ci;
/*!40101 SET character_set_client = @saved_cs_client */;

--
-- Dumping data for table `disposisi_kakesdam`
--

LOCK TABLES `disposisi_kakesdam` WRITE;
/*!40000 ALTER TABLE `disposisi_kakesdam` DISABLE KEYS */;
/*!40000 ALTER TABLE `disposisi_kakesdam` ENABLE KEYS */;
UNLOCK TABLES;

--
-- Table structure for table `disposisi_surat`
--

DROP TABLE IF EXISTS `disposisi_surat`;
/*!40101 SET @saved_cs_client     = @@character_set_client */;
/*!50503 SET character_set_client = utf8mb4 */;
CREATE TABLE `disposisi_surat` (
  `id_disposisi` int NOT NULL AUTO_INCREMENT,
  `id_surat` int NOT NULL,
  `dari_role` varchar(50) COLLATE utf8mb4_general_ci DEFAULT NULL,
  `tujuan_role` varchar(100) COLLATE utf8mb4_general_ci DEFAULT NULL,
  `jenis_surat` enum('masuk','keluar') COLLATE utf8mb4_general_ci NOT NULL DEFAULT 'masuk',
  `dari` varchar(100) CHARACTER SET utf8mb4 COLLATE utf8mb4_general_ci NOT NULL,
  `ke` varchar(100) CHARACTER SET utf8mb4 COLLATE utf8mb4_general_ci NOT NULL,
  `catatan` text CHARACTER SET utf8mb4 COLLATE utf8mb4_general_ci,
  `tanggal_disposisi` datetime DEFAULT CURRENT_TIMESTAMP,
  `status_disposisi` varchar(50) CHARACTER SET utf8mb4 COLLATE utf8mb4_general_ci DEFAULT 'Proses',
  `kepada_pimpinan` varchar(255) CHARACTER SET utf8mb4 COLLATE utf8mb4_general_ci DEFAULT NULL,
  `tembusan_kasi` text CHARACTER SET utf8mb4 COLLATE utf8mb4_general_ci,
  `created_by` int DEFAULT NULL,
  `ttd_disposisi` longtext COLLATE utf8mb4_general_ci,
  `status_baca` enum('belum','sudah') COLLATE utf8mb4_general_ci DEFAULT 'belum',
  `deleted_at` datetime DEFAULT NULL,
  PRIMARY KEY (`id_disposisi`),
  KEY `idx_id_surat` (`id_surat`),
  KEY `idx_disposisi_role` (`ke`,`kepada_pimpinan`,`status_disposisi`)
) ENGINE=InnoDB AUTO_INCREMENT=24 DEFAULT CHARSET=utf8mb4 COLLATE=utf8mb4_general_ci;
/*!40101 SET character_set_client = @saved_cs_client */;

--
-- Dumping data for table `disposisi_surat`
--

LOCK TABLES `disposisi_surat` WRITE;
/*!40000 ALTER TABLE `disposisi_surat` DISABLE KEYS */;
INSERT INTO `disposisi_surat` VALUES (8,64,'admin',NULL,'masuk','admin','kasi_matkes','TEST','2026-06-22 18:37:52','Proses',NULL,'tidak_ada',208,'ttd_masuk_64_1782128272.png','belum',NULL),(9,64,'admin',NULL,'masuk','admin','kasi_matkes','TEST','2026-06-22 18:37:57','Proses',NULL,'tidak_ada',208,'ttd_masuk_64_1782128277.png','belum',NULL),(10,64,'admin',NULL,'masuk','admin','kasi_matkes','TEST','2026-06-22 18:41:21','Proses',NULL,'tidak_ada',208,'ttd_masuk_64_1782128481.png','belum',NULL),(11,64,'admin',NULL,'masuk','admin','tidak_ada','SURAT DARI RIDWAN','2026-06-22 18:53:35','Proses',NULL,'kasi_matkes',208,'ttd_masuk_64_1782129215.png','belum',NULL),(12,63,'admin',NULL,'masuk','admin','kasi_matkes','TEST SURAT MASUK AZAM','2026-06-22 19:05:07','Proses',NULL,'kasi_matkes',208,'ttd_masuk_63_1782129907.png','belum',NULL),(13,63,'admin',NULL,'masuk','admin','kasi_matkes','TEST SURAT MASUK AZAM','2026-06-22 19:05:38','Proses',NULL,'kasi_matkes',208,'ttd_masuk_63_1782129938.png','belum',NULL),(14,63,'admin',NULL,'masuk','admin','kasi_matkes','TEST SURAT MASUK AZAM','2026-06-22 19:05:42','Proses',NULL,'kasi_matkes',208,'ttd_masuk_63_1782129942.png','belum',NULL),(15,63,'admin',NULL,'masuk','admin','kasi_matkes','TEST SURAT MASUK AZAM','2026-06-22 19:07:06','Proses',NULL,'kasi_matkes',208,'ttd_masuk_63_1782130026.png','belum',NULL),(16,65,'admin',NULL,'masuk','admin','dandenkeslap','TEMBUSAN TEST','2026-06-24 04:31:46','Proses',NULL,'dandenkeslap',0,'ttd_masuk_65_1782250306.png','belum',NULL),(17,65,'ruangan','setum','masuk','Dandenkeslap','setum','SIAP DI PERBAIKI','2026-06-24 05:36:13','Proses',NULL,'tidak_ada',152,'data:image/png;base64,iVBORw0KGgoAAAANSUhEUgAAAZAAAACWCAYAAADwkd5lAAAP50lEQVR4AezdX2wcRwHH8Zk72wlQKKVqkya5SyGJ40sLRUKQ+C6pgAcQIARI/BEICaFKIJB4KA8IUB8BgYSKxFNBqEggEFVBAqQ+IMSfNr7YzgNFbcn5T/ondpy0tNAkpUW2726ZCbE7uz77zne7OzO735O3nv03fz5T7sfunq8FwQsBBBBAAIE+BAiQPtA4BQEEEEBACAKEfwsQsCVAuwh4LkCAeD6BdB8BBBCwJUCA2JKnXQQQQMBzAY8DxHN5uo8AAgh4LkCAeD6BdB8BBBCwJUCA2JKnXQQ8FqDrCGgBAkQrsCCAAAIIbFuAANk2GScggAACCGgBAkQrpL3QHgIIIJABAQIkA5PIEBBAAAEbAgSIDXXaRAABWwK0G6MAARIjJlUhgAACeRIgQPI024wVAQQQiFGAAIkRMw9VMUYEEEBgTYAAWZPgNwIIIIDAtgQIkG1xcTACCCBgS8C9dgkQ9+aEHiGAAAJeCBAgXkwTnUQAAQTcEyBA3JsTepSMALUigEDMAgRIzKBUhwACCORFgADJy0wzTgQQQCBmgZ4DJOZ2qQ4BBBBAwHMBAsTzCaT7CCCAgC0BAsSWPO0i0LMAByLgpgAB4ua80CsEEEDAeQECxPkpooMIIICAmwJ5CBA35ekVAggg4LkAAeL5BNJ9BBBAwJYAAWJLnnYRyIMAY8y0AAGS6ellcAgggEByAgRIcrbUjAACCGRagABxenrpHAIIIOCuAAHi7tzQMwQQQMBpAQLE6emhcwggYEuAdrsLECDdjTgCAQQQQKCDAAHSAYVNCCCAAALdBQiQ7kYc0Y8A5yCAQOYFCJDMTzEDRAABBJIRIECScaVWBBBAwJZAau0SIKlR0xACCCCQLQECJFvzyWgQQACB1AQIkNSoacgXAfqJAAK9CRAgvTlxFAIIIIBARIAAiYCwigACCCDQm0D8AdJbuxyFAAIIIOC5AAHi+QTSfQQQQMCWAAFiS96DdveM1uZLY9V2uVILui36uH23jf/Cg2FluYuMDYFUBQiQVLndb2zv6LFlHQY6MIaK4qBUr156rQ6ThXbhM/rcXo7nGAQQ8F+AAPF/DmMZwb7D4y0dGsVicUSHQb+V6nN1PXuPjD/Qbx2chwACfggQIMY85bF4y2j1af2GX1CvrcYf6Fdb/aPD0um8YlD4pAqllU772IYAAtkQIECyMY/bHsXu0RMP69tNw0V5a6eTVVQErVZrdaFRl3pZnDlVWJztvOj9rbY8H61HZdKwbiO6nXUEEMiGAAGSjXnseRTqquDqraqRYvtOfbspemKz1WrqQNCBsTQ3NRLdv9n60uxESZ+ng8c8RrdBiJgilDsLsNVHAQLEx1nrs8/6jVxdFXScc/3GrwPgwtzUcJ/VXz1NB0+73V69unLtH4TINQh+IZAxgY5vJhkbI8NRAjo89Bu5KoZ+dHDoqw79xh/aMcDK+dnJER1GZhW6bd0HcxtlBBDwW4AA8Xv+1nq/5W9920q/gZsHtVrtln6T18Ex6FWHWa9Z1vWb67oPhIgpQhkBvwUIEL/nr2vv9xw6uhy9bbXabL20NDc51PXkGA4gRGJApAoEHBUgQBydmDi6tWu0+tDQ0FDoQbi+8rg4P/WGOOrvtQ5CpFcpjvNSIMedJkCyO/nX7SjKD5rD08870rryMNvV5U4hsq9Sm9f7WBBAwE8BAsTPeeva63Kl9pJ5kA4P/bzD3JZ2uR2IF8021b98B811yggg4JeA+t+wXx2mt90FOj2oth0eutfnZ+pv0kGmy2tLaazaXivzGwEE/BIgQPyar6697fSJK3X76PquJ6Z0gA4yM0T4ZFZK8DSDQAICBEgCqLaqvOng8b9EP3H1ymrx96o/V9TizI8OEbMzhIipQRmB9AQGbYkAGVTQofNfMxy82+yO/rjuC2cf+Yi5zZVyINv3m30hREwNygj4IUCA+DFPXXu5d3S8aR6kbxOl/XFds/1u5cUzk3c1dza/YR6nQ6RcqQbmNsoIIOCuAAHi7txsq2fFYqFonhC9TWTuc6V84dHp77aKrW+H+yNFuVLzI0TCHWcNgdwJECAZmPLop670Hwv6MqylJ6buUQ/5ZbS/+sMA0W2sI4CAWwIEiFvzse3e7D5UndG3fswTbf2xoNmH7ZajIVJQr+3WwfEIIJCugMUASXegWW1tZEgeNse23JRT5rpP5egfGkavrHwaC31FIA8CBIjHsxy9zaMfnD83PzHu65Cif2ior6zKY+M/8nU89BuBrAsQIB7PsLrLE5o/Hx6cd+Nu7Wx9LXSMLHwhtM5KLAJUgkAcAqE3oDgqpI50BKK3d1rqyXk6LSfbyoW/T39fX0mZreyvjP/MXKeMAAJuCBAgbszDtnqhb13p2zvmSUtzU6GP8Zr7fCtHr6TaQp7wbQz0F4E8CBAg/cyyxXNuOXTsSvTW1cpq8KTFLiXedNAOyok3QgMIILBtAQJk22RWTxgdHiq+3uxBW72ePXsq01+LrgPz1rHxX5rjpowAAvYFCBD7c9BzD8qV2qx5sH5WcH52MjO3rsyxCRH8zVxvy8KnzXXKuRVg4A4JECAOTcZWXYk+NNfHRp8V6G1ZWRYap96hLq7a5ng6GZj7KSOAQLoCBEi63n21tnf0WCv60PzycOHjfVXm0UnRqyttsL9S5RNZHs0hXc22AAHi+PzuPnjsYrFYDM1Ts9lcufzYyd/003Xfzol+xUk7EJ/1bQz0F4GsCoTemLI6SI/HNToyXNxt9l/f1rkwP73D3Jansr4KydN4GSsCLgsQIA7PTr4emm8+EfrDApvvZQ8Cvghkr58EiKNz2umBcZYfmm81DUUR/Nzcv//w+E/MdcoIIGBHgACx49611eitmuizgK4VZOiAZ2YmP2cOJyjIY+Y6ZQQQsCNAgNhx37LV6NXHarP58pYn5GMno0QAAccECBDHJkR3J3r1cXF++jq9nWVdIFgvUUAAAWsCBIg1+s4NR68+ms3mpc5H5nhrIAiQHE8/Q7cgsEmTBMgmMLY2R68+LsxP32CrL662K6Vouto3+oVAngQIEIdme+9oNfTG2Gq1Ww51j64ggAACIQECJMRhd6VYlKEvRlyamxyy2yM3Ww+8u4XlpiO9QmBQAQJkUMGYzt9z6OiyWZX+i3NznbIhwC0sA4MiAvYECBB79qGWh4aGRswN0S8SNPdRRgABBFwQ8CFAXHBKtA83H6g9YjbAV3eYGhvLQSD5FNZGFrYgkLoAAZI6+cYGdwwHx82tizOnjpjrlMMCUorV8BbWEEDAhgABYkM93GZBqtfapmtXHzNr6/zuIBAQIB1UktlErQhsIUCAbIGTxq7SWPiju+rqgznpAq/uX3EF0sWI3QikIcCbVRrKm7fxAXXxIdd2X7v6WFvl9yYCyiz0cedNDmMzAggkLECAJAq8deXq6uMh84hXVuQfzXXKnQUC/g6kMwxbEUhZgABJGdxobsPVx7+eqr/f2E9xEwF1Cyv0NzObHMZmBBBIWIAASRh4s+qjVx//CQrf2exYtocFCjL4ULlSC3KwtMtjtWa5Ul0uV2ovq+XfarlYPlI7q34/qvb9qVSp/Wr/WO3e8tiJr5Rur74vLJXvNUafvAABkrxxpxaOq/v4oWcfL85O3NPpQLblWkAKKdTzHqn/yPS1Qgj9xZq7RSAOqPLbhRTvlUJ8KpDibiHbP5Qt+QcVLJ2Cta22L5cq1RfKleNzqvxwaez4/aVK7e7SbdV3qrr4QaAvAQKkL7bBTiqNVUN/OHhlZfi+wWrkbAS2FFA5I0akkDcKERxSR94pZfB5KcS9si1Pq0BZCx11tVNbKI8d/7A6hh8EugoQIF2J4j1g98Gjl6JXH5efevjL8bYSQ23uVfG0lOKSDMQ/hZAXX13EM0LKp/pahPiHEPLxfhYp5GNCiEm1TCS0nJRCTKm6n1DLOfXc53m1flmV/6sW/TFm/U3NarO6HlEbYvpRVzuiJGTwQEz1UU3GBQiQlCd4ZHjoerPJxZm9w+Y65c4CC436W86dqd9wbqa+a6ExsefVpf7mhTMTB/paGvXbVT1v62c515i4Y6FRr6rlRELLneca9XFV91vVcutio36zWn+jKr9WLSNqGVJL4doi1e/1pRWsHhbtwifU1cbXleZ9KmV+p5a/qpBtqLhRASxeEVLo/3SA2qyO2Pjz3MZNbEFgowABstEksS37Do/r/9e4Xn+gXkI8GNq2vpMCAn0KLM2cnluYPfnrhcap76lg+dJio/5RtbxHheyRhasBXH/dwpn6sNqnA0jKZuuICNpfVGnyg0AUPjay2ryjz6Y5LR4Bb2ohQNKaqhuPfbOgXmZzizOn8DdBKFsRODc/1ViYmfzxYqP+1cXGyd+ePTt9xUpHaNQ7Ad7AUpqy0k2Fb5lNNZtNfR/b3EQZAQQQ8EqAAElhuvaOjjeleq01pe5cBRfmp/VHM9c28TtGAapCAIF0BAiQFJyLxYL+dMt6S4szL921vkIBAQQQ8FSAAEl44kpj1bbZxP//U7WP/9TcRhkBBBDwUWBjgPg4Ckf7rD91pe5cSbN752cnQ1cj5j7KCCCAgE8CBEhCs7XrwNFnC+plVr+y0jpvrlNGAAEEfBYgQBKavR0jQ7vMqvWtq2efnCqZ2ygjEBFgFQGvBAiQBKYr+txDf+qKW1cJQFMlAghYFSBAYubv9NyDPxiMGZnqEEDACYFMBYht0V0H3nVJPfYImS409uiv4bbdNdpHAAEEYhcIvdnFXnvOKtwxMhz6osTV1dVlIR7U356aMwmGiwACeRAgQGKa5U7PPS6ePb0zpuqpBgHHBeheHgUIkJhmPfr3Hjz3iAmWahBAwFkBAiSBqWm12nxFewKuVIkAAm4JECAJzEcQtENfX9JDExyCAAIIeCdAgCQwZYF6JVAtVSKAAAJOCRAgCUyHeni+I4FqqRIBBJIQoM6+BQiQvunCJ+5s7dinv65keWX1+fAe1hBAAIFsChAgMc3r3Nyfl/TXlTz35OmbY6qSahBAAAGnBQgQp6fHh87RRwQQyKsAAZLXmWfcCCCAwIACBMiAgJyOAAII2BKw3S4BYnsGaB8BBBDwVIAA8XTi6DYCCCBgW4AAsT0DtG9PgJYRQGAgAQJkID5ORgABBPIrQIDkd+4ZOQIIIDCQwAABMlC7nIwAAggg4LkAAeL5BNJ9BBBAwJYAAWJLnnYRGECAUxFwQYAAcWEW6AMCCCDgoQAB4uGk0WUEEEDABYF8BogL8vQBAQQQ8FyAAPF8Auk+AgggYEuAALElT7sI5FOAUWdIgADJ0GQyFAQQQCBNAQIkTW3aQgABBDIkQIB4Npl0FwEEEHBFgABxZSboBwIIIOCZAAHi2YTRXQQQsCVAu1EBAiQqwjoCCCCAQE8CBEhPTByEAAIIIBAVIECiIqwnJUC9CCCQMQECJGMTynAQQACBtAT+BwAA//87wk4HAAAABklEQVQDAIjAjGmseG1BAAAAAElFTkSuQmCC','belum',NULL),(18,65,'ruangan','setum','masuk','Dandenkeslap','setum','SIAP DI PERBAIKI','2026-06-24 05:36:34','Proses',NULL,'tidak_ada',152,'data:image/png;base64,iVBORw0KGgoAAAANSUhEUgAAAZAAAACWCAYAAADwkd5lAAAP50lEQVR4AezdX2wcRwHH8Zk72wlQKKVqkya5SyGJ40sLRUKQ+C6pgAcQIARI/BEICaFKIJB4KA8IUB8BgYSKxFNBqEggEFVBAqQ+IMSfNr7YzgNFbcn5T/ondpy0tNAkpUW2726ZCbE7uz77zne7OzO735O3nv03fz5T7sfunq8FwQsBBBBAAIE+BAiQPtA4BQEEEEBACAKEfwsQsCVAuwh4LkCAeD6BdB8BBBCwJUCA2JKnXQQQQMBzAY8DxHN5uo8AAgh4LkCAeD6BdB8BBBCwJUCA2JKnXQQ8FqDrCGgBAkQrsCCAAAIIbFuAANk2GScggAACCGgBAkQrpL3QHgIIIJABAQIkA5PIEBBAAAEbAgSIDXXaRAABWwK0G6MAARIjJlUhgAACeRIgQPI024wVAQQQiFGAAIkRMw9VMUYEEEBgTYAAWZPgNwIIIIDAtgQIkG1xcTACCCBgS8C9dgkQ9+aEHiGAAAJeCBAgXkwTnUQAAQTcEyBA3JsTepSMALUigEDMAgRIzKBUhwACCORFgADJy0wzTgQQQCBmgZ4DJOZ2qQ4BBBBAwHMBAsTzCaT7CCCAgC0BAsSWPO0i0LMAByLgpgAB4ua80CsEEEDAeQECxPkpooMIIICAmwJ5CBA35ekVAggg4LkAAeL5BNJ9BBBAwJYAAWJLnnYRyIMAY8y0AAGS6ellcAgggEByAgRIcrbUjAACCGRagABxenrpHAIIIOCuAAHi7tzQMwQQQMBpAQLE6emhcwggYEuAdrsLECDdjTgCAQQQQKCDAAHSAYVNCCCAAALdBQiQ7kYc0Y8A5yCAQOYFCJDMTzEDRAABBJIRIECScaVWBBBAwJZAau0SIKlR0xACCCCQLQECJFvzyWgQQACB1AQIkNSoacgXAfqJAAK9CRAgvTlxFAIIIIBARIAAiYCwigACCCDQm0D8AdJbuxyFAAIIIOC5AAHi+QTSfQQQQMCWAAFiS96DdveM1uZLY9V2uVILui36uH23jf/Cg2FluYuMDYFUBQiQVLndb2zv6LFlHQY6MIaK4qBUr156rQ6ThXbhM/rcXo7nGAQQ8F+AAPF/DmMZwb7D4y0dGsVicUSHQb+V6nN1PXuPjD/Qbx2chwACfggQIMY85bF4y2j1af2GX1CvrcYf6Fdb/aPD0um8YlD4pAqllU772IYAAtkQIECyMY/bHsXu0RMP69tNw0V5a6eTVVQErVZrdaFRl3pZnDlVWJztvOj9rbY8H61HZdKwbiO6nXUEEMiGAAGSjXnseRTqquDqraqRYvtOfbspemKz1WrqQNCBsTQ3NRLdv9n60uxESZ+ng8c8RrdBiJgilDsLsNVHAQLEx1nrs8/6jVxdFXScc/3GrwPgwtzUcJ/VXz1NB0+73V69unLtH4TINQh+IZAxgY5vJhkbI8NRAjo89Bu5KoZ+dHDoqw79xh/aMcDK+dnJER1GZhW6bd0HcxtlBBDwW4AA8Xv+1nq/5W9920q/gZsHtVrtln6T18Ex6FWHWa9Z1vWb67oPhIgpQhkBvwUIEL/nr2vv9xw6uhy9bbXabL20NDc51PXkGA4gRGJApAoEHBUgQBydmDi6tWu0+tDQ0FDoQbi+8rg4P/WGOOrvtQ5CpFcpjvNSIMedJkCyO/nX7SjKD5rD08870rryMNvV5U4hsq9Sm9f7WBBAwE8BAsTPeeva63Kl9pJ5kA4P/bzD3JZ2uR2IF8021b98B811yggg4JeA+t+wXx2mt90FOj2oth0eutfnZ+pv0kGmy2tLaazaXivzGwEE/BIgQPyar6697fSJK3X76PquJ6Z0gA4yM0T4ZFZK8DSDQAICBEgCqLaqvOng8b9EP3H1ymrx96o/V9TizI8OEbMzhIipQRmB9AQGbYkAGVTQofNfMxy82+yO/rjuC2cf+Yi5zZVyINv3m30hREwNygj4IUCA+DFPXXu5d3S8aR6kbxOl/XFds/1u5cUzk3c1dza/YR6nQ6RcqQbmNsoIIOCuAAHi7txsq2fFYqFonhC9TWTuc6V84dHp77aKrW+H+yNFuVLzI0TCHWcNgdwJECAZmPLop670Hwv6MqylJ6buUQ/5ZbS/+sMA0W2sI4CAWwIEiFvzse3e7D5UndG3fswTbf2xoNmH7ZajIVJQr+3WwfEIIJCugMUASXegWW1tZEgeNse23JRT5rpP5egfGkavrHwaC31FIA8CBIjHsxy9zaMfnD83PzHu65Cif2ior6zKY+M/8nU89BuBrAsQIB7PsLrLE5o/Hx6cd+Nu7Wx9LXSMLHwhtM5KLAJUgkAcAqE3oDgqpI50BKK3d1rqyXk6LSfbyoW/T39fX0mZreyvjP/MXKeMAAJuCBAgbszDtnqhb13p2zvmSUtzU6GP8Zr7fCtHr6TaQp7wbQz0F4E8CBAg/cyyxXNuOXTsSvTW1cpq8KTFLiXedNAOyok3QgMIILBtAQJk22RWTxgdHiq+3uxBW72ePXsq01+LrgPz1rHxX5rjpowAAvYFCBD7c9BzD8qV2qx5sH5WcH52MjO3rsyxCRH8zVxvy8KnzXXKuRVg4A4JECAOTcZWXYk+NNfHRp8V6G1ZWRYap96hLq7a5ng6GZj7KSOAQLoCBEi63n21tnf0WCv60PzycOHjfVXm0UnRqyttsL9S5RNZHs0hXc22AAHi+PzuPnjsYrFYDM1Ts9lcufzYyd/003Xfzol+xUk7EJ/1bQz0F4GsCoTemLI6SI/HNToyXNxt9l/f1rkwP73D3Jansr4KydN4GSsCLgsQIA7PTr4emm8+EfrDApvvZQ8Cvghkr58EiKNz2umBcZYfmm81DUUR/Nzcv//w+E/MdcoIIGBHgACx49611eitmuizgK4VZOiAZ2YmP2cOJyjIY+Y6ZQQQsCNAgNhx37LV6NXHarP58pYn5GMno0QAAccECBDHJkR3J3r1cXF++jq9nWVdIFgvUUAAAWsCBIg1+s4NR68+ms3mpc5H5nhrIAiQHE8/Q7cgsEmTBMgmMLY2R68+LsxP32CrL662K6Vouto3+oVAngQIEIdme+9oNfTG2Gq1Ww51j64ggAACIQECJMRhd6VYlKEvRlyamxyy2yM3Ww+8u4XlpiO9QmBQAQJkUMGYzt9z6OiyWZX+i3NznbIhwC0sA4MiAvYECBB79qGWh4aGRswN0S8SNPdRRgABBFwQ8CFAXHBKtA83H6g9YjbAV3eYGhvLQSD5FNZGFrYgkLoAAZI6+cYGdwwHx82tizOnjpjrlMMCUorV8BbWEEDAhgABYkM93GZBqtfapmtXHzNr6/zuIBAQIB1UktlErQhsIUCAbIGTxq7SWPiju+rqgznpAq/uX3EF0sWI3QikIcCbVRrKm7fxAXXxIdd2X7v6WFvl9yYCyiz0cedNDmMzAggkLECAJAq8deXq6uMh84hXVuQfzXXKnQUC/g6kMwxbEUhZgABJGdxobsPVx7+eqr/f2E9xEwF1Cyv0NzObHMZmBBBIWIAASRh4s+qjVx//CQrf2exYtocFCjL4ULlSC3KwtMtjtWa5Ul0uV2ovq+XfarlYPlI7q34/qvb9qVSp/Wr/WO3e8tiJr5Rur74vLJXvNUafvAABkrxxpxaOq/v4oWcfL85O3NPpQLblWkAKKdTzHqn/yPS1Qgj9xZq7RSAOqPLbhRTvlUJ8KpDibiHbP5Qt+QcVLJ2Cta22L5cq1RfKleNzqvxwaez4/aVK7e7SbdV3qrr4QaAvAQKkL7bBTiqNVUN/OHhlZfi+wWrkbAS2FFA5I0akkDcKERxSR94pZfB5KcS9si1Pq0BZCx11tVNbKI8d/7A6hh8EugoQIF2J4j1g98Gjl6JXH5efevjL8bYSQ23uVfG0lOKSDMQ/hZAXX13EM0LKp/pahPiHEPLxfhYp5GNCiEm1TCS0nJRCTKm6n1DLOfXc53m1flmV/6sW/TFm/U3NarO6HlEbYvpRVzuiJGTwQEz1UU3GBQiQlCd4ZHjoerPJxZm9w+Y65c4CC436W86dqd9wbqa+a6ExsefVpf7mhTMTB/paGvXbVT1v62c515i4Y6FRr6rlRELLneca9XFV91vVcutio36zWn+jKr9WLSNqGVJL4doi1e/1pRWsHhbtwifU1cbXleZ9KmV+p5a/qpBtqLhRASxeEVLo/3SA2qyO2Pjz3MZNbEFgowABstEksS37Do/r/9e4Xn+gXkI8GNq2vpMCAn0KLM2cnluYPfnrhcap76lg+dJio/5RtbxHheyRhasBXH/dwpn6sNqnA0jKZuuICNpfVGnyg0AUPjay2ryjz6Y5LR4Bb2ohQNKaqhuPfbOgXmZzizOn8DdBKFsRODc/1ViYmfzxYqP+1cXGyd+ePTt9xUpHaNQ7Ad7AUpqy0k2Fb5lNNZtNfR/b3EQZAQQQ8EqAAElhuvaOjjeleq01pe5cBRfmp/VHM9c28TtGAapCAIF0BAiQFJyLxYL+dMt6S4szL921vkIBAQQQ8FSAAEl44kpj1bbZxP//U7WP/9TcRhkBBBDwUWBjgPg4Ckf7rD91pe5cSbN752cnQ1cj5j7KCCCAgE8CBEhCs7XrwNFnC+plVr+y0jpvrlNGAAEEfBYgQBKavR0jQ7vMqvWtq2efnCqZ2ygjEBFgFQGvBAiQBKYr+txDf+qKW1cJQFMlAghYFSBAYubv9NyDPxiMGZnqEEDACYFMBYht0V0H3nVJPfYImS409uiv4bbdNdpHAAEEYhcIvdnFXnvOKtwxMhz6osTV1dVlIR7U356aMwmGiwACeRAgQGKa5U7PPS6ePb0zpuqpBgHHBeheHgUIkJhmPfr3Hjz3iAmWahBAwFkBAiSBqWm12nxFewKuVIkAAm4JECAJzEcQtENfX9JDExyCAAIIeCdAgCQwZYF6JVAtVSKAAAJOCRAgCUyHeni+I4FqqRIBBJIQoM6+BQiQvunCJ+5s7dinv65keWX1+fAe1hBAAIFsChAgMc3r3Nyfl/TXlTz35OmbY6qSahBAAAGnBQgQp6fHh87RRwQQyKsAAZLXmWfcCCCAwIACBMiAgJyOAAII2BKw3S4BYnsGaB8BBBDwVIAA8XTi6DYCCCBgW4AAsT0DtG9PgJYRQGAgAQJkID5ORgABBPIrQIDkd+4ZOQIIIDCQwAABMlC7nIwAAggg4LkAAeL5BNJ9BBBAwJYAAWJLnnYRGECAUxFwQYAAcWEW6AMCCCDgoQAB4uGk0WUEEEDABYF8BogL8vQBAQQQ8FyAAPF8Auk+AgggYEuAALElT7sI5FOAUWdIgADJ0GQyFAQQQCBNAQIkTW3aQgABBDIkQIB4Npl0FwEEEHBFgABxZSboBwIIIOCZAAHi2YTRXQQQsCVAu1EBAiQqwjoCCCCAQE8CBEhPTByEAAIIIBAVIECiIqwnJUC9CCCQMQECJGMTynAQQACBtAT+BwAA//87wk4HAAAABklEQVQDAIjAjGmseG1BAAAAAElFTkSuQmCC','belum',NULL),(19,65,'ruangan','setum','masuk','Dandenkeslap','setum','SIAP DI PERBAIKI','2026-06-24 05:36:37','Proses',NULL,'tidak_ada',152,'data:image/png;base64,iVBORw0KGgoAAAANSUhEUgAAAZAAAACWCAYAAADwkd5lAAAP50lEQVR4AezdX2wcRwHH8Zk72wlQKKVqkya5SyGJ40sLRUKQ+C6pgAcQIARI/BEICaFKIJB4KA8IUB8BgYSKxFNBqEggEFVBAqQ+IMSfNr7YzgNFbcn5T/ondpy0tNAkpUW2726ZCbE7uz77zne7OzO735O3nv03fz5T7sfunq8FwQsBBBBAAIE+BAiQPtA4BQEEEEBACAKEfwsQsCVAuwh4LkCAeD6BdB8BBBCwJUCA2JKnXQQQQMBzAY8DxHN5uo8AAgh4LkCAeD6BdB8BBBCwJUCA2JKnXQQ8FqDrCGgBAkQrsCCAAAIIbFuAANk2GScggAACCGgBAkQrpL3QHgIIIJABAQIkA5PIEBBAAAEbAgSIDXXaRAABWwK0G6MAARIjJlUhgAACeRIgQPI024wVAQQQiFGAAIkRMw9VMUYEEEBgTYAAWZPgNwIIIIDAtgQIkG1xcTACCCBgS8C9dgkQ9+aEHiGAAAJeCBAgXkwTnUQAAQTcEyBA3JsTepSMALUigEDMAgRIzKBUhwACCORFgADJy0wzTgQQQCBmgZ4DJOZ2qQ4BBBBAwHMBAsTzCaT7CCCAgC0BAsSWPO0i0LMAByLgpgAB4ua80CsEEEDAeQECxPkpooMIIICAmwJ5CBA35ekVAggg4LkAAeL5BNJ9BBBAwJYAAWJLnnYRyIMAY8y0AAGS6ellcAgggEByAgRIcrbUjAACCGRagABxenrpHAIIIOCuAAHi7tzQMwQQQMBpAQLE6emhcwggYEuAdrsLECDdjTgCAQQQQKCDAAHSAYVNCCCAAALdBQiQ7kYc0Y8A5yCAQOYFCJDMTzEDRAABBJIRIECScaVWBBBAwJZAau0SIKlR0xACCCCQLQECJFvzyWgQQACB1AQIkNSoacgXAfqJAAK9CRAgvTlxFAIIIIBARIAAiYCwigACCCDQm0D8AdJbuxyFAAIIIOC5AAHi+QTSfQQQQMCWAAFiS96DdveM1uZLY9V2uVILui36uH23jf/Cg2FluYuMDYFUBQiQVLndb2zv6LFlHQY6MIaK4qBUr156rQ6ThXbhM/rcXo7nGAQQ8F+AAPF/DmMZwb7D4y0dGsVicUSHQb+V6nN1PXuPjD/Qbx2chwACfggQIMY85bF4y2j1af2GX1CvrcYf6Fdb/aPD0um8YlD4pAqllU772IYAAtkQIECyMY/bHsXu0RMP69tNw0V5a6eTVVQErVZrdaFRl3pZnDlVWJztvOj9rbY8H61HZdKwbiO6nXUEEMiGAAGSjXnseRTqquDqraqRYvtOfbspemKz1WrqQNCBsTQ3NRLdv9n60uxESZ+ng8c8RrdBiJgilDsLsNVHAQLEx1nrs8/6jVxdFXScc/3GrwPgwtzUcJ/VXz1NB0+73V69unLtH4TINQh+IZAxgY5vJhkbI8NRAjo89Bu5KoZ+dHDoqw79xh/aMcDK+dnJER1GZhW6bd0HcxtlBBDwW4AA8Xv+1nq/5W9920q/gZsHtVrtln6T18Ex6FWHWa9Z1vWb67oPhIgpQhkBvwUIEL/nr2vv9xw6uhy9bbXabL20NDc51PXkGA4gRGJApAoEHBUgQBydmDi6tWu0+tDQ0FDoQbi+8rg4P/WGOOrvtQ5CpFcpjvNSIMedJkCyO/nX7SjKD5rD08870rryMNvV5U4hsq9Sm9f7WBBAwE8BAsTPeeva63Kl9pJ5kA4P/bzD3JZ2uR2IF8021b98B811yggg4JeA+t+wXx2mt90FOj2oth0eutfnZ+pv0kGmy2tLaazaXivzGwEE/BIgQPyar6697fSJK3X76PquJ6Z0gA4yM0T4ZFZK8DSDQAICBEgCqLaqvOng8b9EP3H1ymrx96o/V9TizI8OEbMzhIipQRmB9AQGbYkAGVTQofNfMxy82+yO/rjuC2cf+Yi5zZVyINv3m30hREwNygj4IUCA+DFPXXu5d3S8aR6kbxOl/XFds/1u5cUzk3c1dza/YR6nQ6RcqQbmNsoIIOCuAAHi7txsq2fFYqFonhC9TWTuc6V84dHp77aKrW+H+yNFuVLzI0TCHWcNgdwJECAZmPLop670Hwv6MqylJ6buUQ/5ZbS/+sMA0W2sI4CAWwIEiFvzse3e7D5UndG3fswTbf2xoNmH7ZajIVJQr+3WwfEIIJCugMUASXegWW1tZEgeNse23JRT5rpP5egfGkavrHwaC31FIA8CBIjHsxy9zaMfnD83PzHu65Cif2ior6zKY+M/8nU89BuBrAsQIB7PsLrLE5o/Hx6cd+Nu7Wx9LXSMLHwhtM5KLAJUgkAcAqE3oDgqpI50BKK3d1rqyXk6LSfbyoW/T39fX0mZreyvjP/MXKeMAAJuCBAgbszDtnqhb13p2zvmSUtzU6GP8Zr7fCtHr6TaQp7wbQz0F4E8CBAg/cyyxXNuOXTsSvTW1cpq8KTFLiXedNAOyok3QgMIILBtAQJk22RWTxgdHiq+3uxBW72ePXsq01+LrgPz1rHxX5rjpowAAvYFCBD7c9BzD8qV2qx5sH5WcH52MjO3rsyxCRH8zVxvy8KnzXXKuRVg4A4JECAOTcZWXYk+NNfHRp8V6G1ZWRYap96hLq7a5ng6GZj7KSOAQLoCBEi63n21tnf0WCv60PzycOHjfVXm0UnRqyttsL9S5RNZHs0hXc22AAHi+PzuPnjsYrFYDM1Ts9lcufzYyd/003Xfzol+xUk7EJ/1bQz0F4GsCoTemLI6SI/HNToyXNxt9l/f1rkwP73D3Jansr4KydN4GSsCLgsQIA7PTr4emm8+EfrDApvvZQ8Cvghkr58EiKNz2umBcZYfmm81DUUR/Nzcv//w+E/MdcoIIGBHgACx49611eitmuizgK4VZOiAZ2YmP2cOJyjIY+Y6ZQQQsCNAgNhx37LV6NXHarP58pYn5GMno0QAAccECBDHJkR3J3r1cXF++jq9nWVdIFgvUUAAAWsCBIg1+s4NR68+ms3mpc5H5nhrIAiQHE8/Q7cgsEmTBMgmMLY2R68+LsxP32CrL662K6Vouto3+oVAngQIEIdme+9oNfTG2Gq1Ww51j64ggAACIQECJMRhd6VYlKEvRlyamxyy2yM3Ww+8u4XlpiO9QmBQAQJkUMGYzt9z6OiyWZX+i3NznbIhwC0sA4MiAvYECBB79qGWh4aGRswN0S8SNPdRRgABBFwQ8CFAXHBKtA83H6g9YjbAV3eYGhvLQSD5FNZGFrYgkLoAAZI6+cYGdwwHx82tizOnjpjrlMMCUorV8BbWEEDAhgABYkM93GZBqtfapmtXHzNr6/zuIBAQIB1UktlErQhsIUCAbIGTxq7SWPiju+rqgznpAq/uX3EF0sWI3QikIcCbVRrKm7fxAXXxIdd2X7v6WFvl9yYCyiz0cedNDmMzAggkLECAJAq8deXq6uMh84hXVuQfzXXKnQUC/g6kMwxbEUhZgABJGdxobsPVx7+eqr/f2E9xEwF1Cyv0NzObHMZmBBBIWIAASRh4s+qjVx//CQrf2exYtocFCjL4ULlSC3KwtMtjtWa5Ul0uV2ovq+XfarlYPlI7q34/qvb9qVSp/Wr/WO3e8tiJr5Rur74vLJXvNUafvAABkrxxpxaOq/v4oWcfL85O3NPpQLblWkAKKdTzHqn/yPS1Qgj9xZq7RSAOqPLbhRTvlUJ8KpDibiHbP5Qt+QcVLJ2Cta22L5cq1RfKleNzqvxwaez4/aVK7e7SbdV3qrr4QaAvAQKkL7bBTiqNVUN/OHhlZfi+wWrkbAS2FFA5I0akkDcKERxSR94pZfB5KcS9si1Pq0BZCx11tVNbKI8d/7A6hh8EugoQIF2J4j1g98Gjl6JXH5efevjL8bYSQ23uVfG0lOKSDMQ/hZAXX13EM0LKp/pahPiHEPLxfhYp5GNCiEm1TCS0nJRCTKm6n1DLOfXc53m1flmV/6sW/TFm/U3NarO6HlEbYvpRVzuiJGTwQEz1UU3GBQiQlCd4ZHjoerPJxZm9w+Y65c4CC436W86dqd9wbqa+a6ExsefVpf7mhTMTB/paGvXbVT1v62c515i4Y6FRr6rlRELLneca9XFV91vVcutio36zWn+jKr9WLSNqGVJL4doi1e/1pRWsHhbtwifU1cbXleZ9KmV+p5a/qpBtqLhRASxeEVLo/3SA2qyO2Pjz3MZNbEFgowABstEksS37Do/r/9e4Xn+gXkI8GNq2vpMCAn0KLM2cnluYPfnrhcap76lg+dJio/5RtbxHheyRhasBXH/dwpn6sNqnA0jKZuuICNpfVGnyg0AUPjay2ryjz6Y5LR4Bb2ohQNKaqhuPfbOgXmZzizOn8DdBKFsRODc/1ViYmfzxYqP+1cXGyd+ePTt9xUpHaNQ7Ad7AUpqy0k2Fb5lNNZtNfR/b3EQZAQQQ8EqAAElhuvaOjjeleq01pe5cBRfmp/VHM9c28TtGAapCAIF0BAiQFJyLxYL+dMt6S4szL921vkIBAQQQ8FSAAEl44kpj1bbZxP//U7WP/9TcRhkBBBDwUWBjgPg4Ckf7rD91pe5cSbN752cnQ1cj5j7KCCCAgE8CBEhCs7XrwNFnC+plVr+y0jpvrlNGAAEEfBYgQBKavR0jQ7vMqvWtq2efnCqZ2ygjEBFgFQGvBAiQBKYr+txDf+qKW1cJQFMlAghYFSBAYubv9NyDPxiMGZnqEEDACYFMBYht0V0H3nVJPfYImS409uiv4bbdNdpHAAEEYhcIvdnFXnvOKtwxMhz6osTV1dVlIR7U356aMwmGiwACeRAgQGKa5U7PPS6ePb0zpuqpBgHHBeheHgUIkJhmPfr3Hjz3iAmWahBAwFkBAiSBqWm12nxFewKuVIkAAm4JECAJzEcQtENfX9JDExyCAAIIeCdAgCQwZYF6JVAtVSKAAAJOCRAgCUyHeni+I4FqqRIBBJIQoM6+BQiQvunCJ+5s7dinv65keWX1+fAe1hBAAIFsChAgMc3r3Nyfl/TXlTz35OmbY6qSahBAAAGnBQgQp6fHh87RRwQQyKsAAZLXmWfcCCCAwIACBMiAgJyOAAII2BKw3S4BYnsGaB8BBBDwVIAA8XTi6DYCCCBgW4AAsT0DtG9PgJYRQGAgAQJkID5ORgABBPIrQIDkd+4ZOQIIIDCQwAABMlC7nIwAAggg4LkAAeL5BNJ9BBBAwJYAAWJLnnYRGECAUxFwQYAAcWEW6AMCCCDgoQAB4uGk0WUEEEDABYF8BogL8vQBAQQQ8FyAAPF8Auk+AgggYEuAALElT7sI5FOAUWdIgADJ0GQyFAQQQCBNAQIkTW3aQgABBDIkQIB4Npl0FwEEEHBFgABxZSboBwIIIOCZAAHi2YTRXQQQsCVAu1EBAiQqwjoCCCCAQE8CBEhPTByEAAIIIBAVIECiIqwnJUC9CCCQMQECJGMTynAQQACBtAT+BwAA//87wk4HAAAABklEQVQDAIjAjGmseG1BAAAAAElFTkSuQmCC','belum',NULL),(20,65,'ruangan','setum','masuk','Dandenkeslap','setum','SIAP DI PERBAIKI','2026-06-24 05:39:26','Proses',NULL,'tidak_ada',152,'data:image/png;base64,iVBORw0KGgoAAAANSUhEUgAAAZAAAACWCAYAAADwkd5lAAAP50lEQVR4AezdX2wcRwHH8Zk72wlQKKVqkya5SyGJ40sLRUKQ+C6pgAcQIARI/BEICaFKIJB4KA8IUB8BgYSKxFNBqEggEFVBAqQ+IMSfNr7YzgNFbcn5T/ondpy0tNAkpUW2726ZCbE7uz77zne7OzO735O3nv03fz5T7sfunq8FwQsBBBBAAIE+BAiQPtA4BQEEEEBACAKEfwsQsCVAuwh4LkCAeD6BdB8BBBCwJUCA2JKnXQQQQMBzAY8DxHN5uo8AAgh4LkCAeD6BdB8BBBCwJUCA2JKnXQQ8FqDrCGgBAkQrsCCAAAIIbFuAANk2GScggAACCGgBAkQrpL3QHgIIIJABAQIkA5PIEBBAAAEbAgSIDXXaRAABWwK0G6MAARIjJlUhgAACeRIgQPI024wVAQQQiFGAAIkRMw9VMUYEEEBgTYAAWZPgNwIIIIDAtgQIkG1xcTACCCBgS8C9dgkQ9+aEHiGAAAJeCBAgXkwTnUQAAQTcEyBA3JsTepSMALUigEDMAgRIzKBUhwACCORFgADJy0wzTgQQQCBmgZ4DJOZ2qQ4BBBBAwHMBAsTzCaT7CCCAgC0BAsSWPO0i0LMAByLgpgAB4ua80CsEEEDAeQECxPkpooMIIICAmwJ5CBA35ekVAggg4LkAAeL5BNJ9BBBAwJYAAWJLnnYRyIMAY8y0AAGS6ellcAgggEByAgRIcrbUjAACCGRagABxenrpHAIIIOCuAAHi7tzQMwQQQMBpAQLE6emhcwggYEuAdrsLECDdjTgCAQQQQKCDAAHSAYVNCCCAAALdBQiQ7kYc0Y8A5yCAQOYFCJDMTzEDRAABBJIRIECScaVWBBBAwJZAau0SIKlR0xACCCCQLQECJFvzyWgQQACB1AQIkNSoacgXAfqJAAK9CRAgvTlxFAIIIIBARIAAiYCwigACCCDQm0D8AdJbuxyFAAIIIOC5AAHi+QTSfQQQQMCWAAFiS96DdveM1uZLY9V2uVILui36uH23jf/Cg2FluYuMDYFUBQiQVLndb2zv6LFlHQY6MIaK4qBUr156rQ6ThXbhM/rcXo7nGAQQ8F+AAPF/DmMZwb7D4y0dGsVicUSHQb+V6nN1PXuPjD/Qbx2chwACfggQIMY85bF4y2j1af2GX1CvrcYf6Fdb/aPD0um8YlD4pAqllU772IYAAtkQIECyMY/bHsXu0RMP69tNw0V5a6eTVVQErVZrdaFRl3pZnDlVWJztvOj9rbY8H61HZdKwbiO6nXUEEMiGAAGSjXnseRTqquDqraqRYvtOfbspemKz1WrqQNCBsTQ3NRLdv9n60uxESZ+ng8c8RrdBiJgilDsLsNVHAQLEx1nrs8/6jVxdFXScc/3GrwPgwtzUcJ/VXz1NB0+73V69unLtH4TINQh+IZAxgY5vJhkbI8NRAjo89Bu5KoZ+dHDoqw79xh/aMcDK+dnJER1GZhW6bd0HcxtlBBDwW4AA8Xv+1nq/5W9920q/gZsHtVrtln6T18Ex6FWHWa9Z1vWb67oPhIgpQhkBvwUIEL/nr2vv9xw6uhy9bbXabL20NDc51PXkGA4gRGJApAoEHBUgQBydmDi6tWu0+tDQ0FDoQbi+8rg4P/WGOOrvtQ5CpFcpjvNSIMedJkCyO/nX7SjKD5rD08870rryMNvV5U4hsq9Sm9f7WBBAwE8BAsTPeeva63Kl9pJ5kA4P/bzD3JZ2uR2IF8021b98B811yggg4JeA+t+wXx2mt90FOj2oth0eutfnZ+pv0kGmy2tLaazaXivzGwEE/BIgQPyar6697fSJK3X76PquJ6Z0gA4yM0T4ZFZK8DSDQAICBEgCqLaqvOng8b9EP3H1ymrx96o/V9TizI8OEbMzhIipQRmB9AQGbYkAGVTQofNfMxy82+yO/rjuC2cf+Yi5zZVyINv3m30hREwNygj4IUCA+DFPXXu5d3S8aR6kbxOl/XFds/1u5cUzk3c1dza/YR6nQ6RcqQbmNsoIIOCuAAHi7txsq2fFYqFonhC9TWTuc6V84dHp77aKrW+H+yNFuVLzI0TCHWcNgdwJECAZmPLop670Hwv6MqylJ6buUQ/5ZbS/+sMA0W2sI4CAWwIEiFvzse3e7D5UndG3fswTbf2xoNmH7ZajIVJQr+3WwfEIIJCugMUASXegWW1tZEgeNse23JRT5rpP5egfGkavrHwaC31FIA8CBIjHsxy9zaMfnD83PzHu65Cif2ior6zKY+M/8nU89BuBrAsQIB7PsLrLE5o/Hx6cd+Nu7Wx9LXSMLHwhtM5KLAJUgkAcAqE3oDgqpI50BKK3d1rqyXk6LSfbyoW/T39fX0mZreyvjP/MXKeMAAJuCBAgbszDtnqhb13p2zvmSUtzU6GP8Zr7fCtHr6TaQp7wbQz0F4E8CBAg/cyyxXNuOXTsSvTW1cpq8KTFLiXedNAOyok3QgMIILBtAQJk22RWTxgdHiq+3uxBW72ePXsq01+LrgPz1rHxX5rjpowAAvYFCBD7c9BzD8qV2qx5sH5WcH52MjO3rsyxCRH8zVxvy8KnzXXKuRVg4A4JECAOTcZWXYk+NNfHRp8V6G1ZWRYap96hLq7a5ng6GZj7KSOAQLoCBEi63n21tnf0WCv60PzycOHjfVXm0UnRqyttsL9S5RNZHs0hXc22AAHi+PzuPnjsYrFYDM1Ts9lcufzYyd/003Xfzol+xUk7EJ/1bQz0F4GsCoTemLI6SI/HNToyXNxt9l/f1rkwP73D3Jansr4KydN4GSsCLgsQIA7PTr4emm8+EfrDApvvZQ8Cvghkr58EiKNz2umBcZYfmm81DUUR/Nzcv//w+E/MdcoIIGBHgACx49611eitmuizgK4VZOiAZ2YmP2cOJyjIY+Y6ZQQQsCNAgNhx37LV6NXHarP58pYn5GMno0QAAccECBDHJkR3J3r1cXF++jq9nWVdIFgvUUAAAWsCBIg1+s4NR68+ms3mpc5H5nhrIAiQHE8/Q7cgsEmTBMgmMLY2R68+LsxP32CrL662K6Vouto3+oVAngQIEIdme+9oNfTG2Gq1Ww51j64ggAACIQECJMRhd6VYlKEvRlyamxyy2yM3Ww+8u4XlpiO9QmBQAQJkUMGYzt9z6OiyWZX+i3NznbIhwC0sA4MiAvYECBB79qGWh4aGRswN0S8SNPdRRgABBFwQ8CFAXHBKtA83H6g9YjbAV3eYGhvLQSD5FNZGFrYgkLoAAZI6+cYGdwwHx82tizOnjpjrlMMCUorV8BbWEEDAhgABYkM93GZBqtfapmtXHzNr6/zuIBAQIB1UktlErQhsIUCAbIGTxq7SWPiju+rqgznpAq/uX3EF0sWI3QikIcCbVRrKm7fxAXXxIdd2X7v6WFvl9yYCyiz0cedNDmMzAggkLECAJAq8deXq6uMh84hXVuQfzXXKnQUC/g6kMwxbEUhZgABJGdxobsPVx7+eqr/f2E9xEwF1Cyv0NzObHMZmBBBIWIAASRh4s+qjVx//CQrf2exYtocFCjL4ULlSC3KwtMtjtWa5Ul0uV2ovq+XfarlYPlI7q34/qvb9qVSp/Wr/WO3e8tiJr5Rur74vLJXvNUafvAABkrxxpxaOq/v4oWcfL85O3NPpQLblWkAKKdTzHqn/yPS1Qgj9xZq7RSAOqPLbhRTvlUJ8KpDibiHbP5Qt+QcVLJ2Cta22L5cq1RfKleNzqvxwaez4/aVK7e7SbdV3qrr4QaAvAQKkL7bBTiqNVUN/OHhlZfi+wWrkbAS2FFA5I0akkDcKERxSR94pZfB5KcS9si1Pq0BZCx11tVNbKI8d/7A6hh8EugoQIF2J4j1g98Gjl6JXH5efevjL8bYSQ23uVfG0lOKSDMQ/hZAXX13EM0LKp/pahPiHEPLxfhYp5GNCiEm1TCS0nJRCTKm6n1DLOfXc53m1flmV/6sW/TFm/U3NarO6HlEbYvpRVzuiJGTwQEz1UU3GBQiQlCd4ZHjoerPJxZm9w+Y65c4CC436W86dqd9wbqa+a6ExsefVpf7mhTMTB/paGvXbVT1v62c515i4Y6FRr6rlRELLneca9XFV91vVcutio36zWn+jKr9WLSNqGVJL4doi1e/1pRWsHhbtwifU1cbXleZ9KmV+p5a/qpBtqLhRASxeEVLo/3SA2qyO2Pjz3MZNbEFgowABstEksS37Do/r/9e4Xn+gXkI8GNq2vpMCAn0KLM2cnluYPfnrhcap76lg+dJio/5RtbxHheyRhasBXH/dwpn6sNqnA0jKZuuICNpfVGnyg0AUPjay2ryjz6Y5LR4Bb2ohQNKaqhuPfbOgXmZzizOn8DdBKFsRODc/1ViYmfzxYqP+1cXGyd+ePTt9xUpHaNQ7Ad7AUpqy0k2Fb5lNNZtNfR/b3EQZAQQQ8EqAAElhuvaOjjeleq01pe5cBRfmp/VHM9c28TtGAapCAIF0BAiQFJyLxYL+dMt6S4szL921vkIBAQQQ8FSAAEl44kpj1bbZxP//U7WP/9TcRhkBBBDwUWBjgPg4Ckf7rD91pe5cSbN752cnQ1cj5j7KCCCAgE8CBEhCs7XrwNFnC+plVr+y0jpvrlNGAAEEfBYgQBKavR0jQ7vMqvWtq2efnCqZ2ygjEBFgFQGvBAiQBKYr+txDf+qKW1cJQFMlAghYFSBAYubv9NyDPxiMGZnqEEDACYFMBYht0V0H3nVJPfYImS409uiv4bbdNdpHAAEEYhcIvdnFXnvOKtwxMhz6osTV1dVlIR7U356aMwmGiwACeRAgQGKa5U7PPS6ePb0zpuqpBgHHBeheHgUIkJhmPfr3Hjz3iAmWahBAwFkBAiSBqWm12nxFewKuVIkAAm4JECAJzEcQtENfX9JDExyCAAIIeCdAgCQwZYF6JVAtVSKAAAJOCRAgCUyHeni+I4FqqRIBBJIQoM6+BQiQvunCJ+5s7dinv65keWX1+fAe1hBAAIFsChAgMc3r3Nyfl/TXlTz35OmbY6qSahBAAAGnBQgQp6fHh87RRwQQyKsAAZLXmWfcCCCAwIACBMiAgJyOAAII2BKw3S4BYnsGaB8BBBDwVIAA8XTi6DYCCCBgW4AAsT0DtG9PgJYRQGAgAQJkID5ORgABBPIrQIDkd+4ZOQIIIDCQwAABMlC7nIwAAggg4LkAAeL5BNJ9BBBAwJYAAWJLnnYRGECAUxFwQYAAcWEW6AMCCCDgoQAB4uGk0WUEEEDABYF8BogL8vQBAQQQ8FyAAPF8Auk+AgggYEuAALElT7sI5FOAUWdIgADJ0GQyFAQQQCBNAQIkTW3aQgABBDIkQIB4Npl0FwEEEHBFgABxZSboBwIIIOCZAAHi2YTRXQQQsCVAu1EBAiQqwjoCCCCAQE8CBEhPTByEAAIIIBAVIECiIqwnJUC9CCCQMQECJGMTynAQQACBtAT+BwAA//87wk4HAAAABklEQVQDAIjAjGmseG1BAAAAAElFTkSuQmCC','belum',NULL),(21,65,'ruangan','setum','masuk','Dandenkeslap','setum','ULANGI','2026-06-24 05:42:28','Proses',NULL,'tidak_ada',152,'data:image/png;base64,iVBORw0KGgoAAAANSUhEUgAAAZAAAACWCAYAAADwkd5lAAAMWElEQVR4Aezdz28cZx3H8ecZJ23SCtEiURXq3Zgckt1IPSG1tTeHigsgznCAP4ByqjggVQgEQki5IFRxonckDtwRcOFAdt1IXLF31R5ib5pSJFo1bdO0sefp83g99noy+2t2Z55f79VOvDs/nh+vb+SPnlk7SQQPBBBAAAEESggQICXQuAQBBBBAQAgChL8FCNgSoF8EPBcgQDwvIMNHAAEEbAkQILbk6RcBBBDwXMDjAPFcnuEjgAACngsQIJ4XkOEjgAACtgQIEFvy9IuAxwIMHQEjQIAYBTYEEEAAgYUFCJCFybgAAQQQQMAIECBGoe6N/hBAAIEABAiQAIrIFBBAAAEbAgSIDXX6RAABWwL0u0IBAmSFmDSFAAIIxCRAgMRUbeaKAAIIrFCAAFkhZgxNMUcEEEAgEyBAMgm+IoAAAggsJECALMTFyQgggIAtAff6JUDcqwkjQgABBLwQIEC8KBODRAABBNwTIEDcqwkjqkaAVhFAYMUCBMiKQWkOAQQQiEWAAIml0swTAQQQWLHA3AGy4n5pDgEEEEDAcwECxPMCMnwEEEDAlgABYkuefhGYW4ATEXBTgABxsy6MCgEEEHBegABxvkQMEAEEEHBTIIYAcVOeUSGAAAKeCxAgnheQ4SOAAAK2BAgQW/L0i0AMAswxaAECJOjyMjkEEECgOgECpDpbWkYAAQSCFiBAnC4vg0MAAQTcFSBA3K0NI0MAAQScFiBAnC4Pg0MAAVsC9DtbgACZbcQZCCCAAAIFAgRIAQq7EEAAAQRmCxAgs404o4wA1yCAQPACBEjwJWaCCCCAQDUCBEg1rrSKAAII2BKorV8CpDZqOkIAAQTCEiBAwqons0EAAQRqEyBAaqOmI18EGCcCCMwnQIDM58RZCCCAAAI5AQIkB8JbBBBAAIH5BFYfIPP1y1kIIIAAAp4LECCeF5DhI4AAArYECBBb8vSLwOoFaBGBWgUIkFq56QwBBBAIR4AACaeWzAQBBBCoVYAAGePmJQIIIIDA/AIEyPxWnIkAAgggMCZAgIxh8DJsgWZrq9dode43Wlup2Zrtjiqzha1ka3b066MAAeJj1RjzVIFGu/NJUUAIKTelFBfl8WNqI1MONludP005zCEEohEgQKIpdZgTbbQ6nzb0imJ8JSGFeMJkRGUzluJHlbVNwwh4JECAeFSsKUON4lCjKCykuFA+LJRQo0eqlDjIb0KJh0LJzzTufX1aqr+ePEeBtfX/kx28QCBCAQIkwqL7MOVGq/OgkV9ZlAgL/Y1f6fl+KFLxxv5uV57denLY7yV6Wxv2u+fz236/+9h+/+YFfc2Tw35vTbeTe8qvXGpf/0VuJ28RiEaAAImm1G5O9PILL1xpFIfF44uuLI7CQoqh/oYvs01/40/066f2B91XlhVIU/WqbsMEkv4yeuo1zG9Gr/gzWoGIJ06ARFx8G1O/3Nq80RhbWRx8dH4gpSgZFuqODoezYbHTbVY1rzuD3h90f4kU8tZYH3J0O6vz7tg+XiIQhUASxSyZpDWBjY2XL5wJDJm8JvVDLPAYrSyKwqLXWKCZlZ26t3vzpYLGnjVB0mh3BgXH2IVAkAIESJBltTmp7zfXW1sPs9BILz78VOeFnDyis0dGYVFwG2rHTlicHd3pO3WQ/lBIcXC6Z/RKT/SKDpJ/j97xJwJhCxAgYde3ltk1WqNfztPfOFWzfXcvkfLcPKFxFBZC3NW3hWq7DbUqkOFb23/e3+meF1L+QLf5QG/jz29utLd+Mr6D1wiEKECAhFjViufUvNZ5rzH2OYaU4uiX82Z1awJDKXEvC4zjD7ifm3Wdy8f3d27+Rc/nokqS7+hxnvyobyrk7/V7ngg4LbDs4AiQZQUjuP5Su/PmeGAIJZ6R+jFr6qPAUJ/rb7Df0Nvxj8x2vzzrOh+PD//zr7/rcX+ut+z5QfaCrwiEKkCAhFrZJefVaHc+Gd2S6uhFg3hR54W+vT+70VQ/TFiYzaww9Pa4vuq23oJ/SqW+pcP1lSRNv/vYw4NW8BNmgtELECDR/xU4BdCh8b9spaHT4onTI5NfmVVGotIbJjDMdmewXfALd5Ov9/pIbvB7/d72fr/7xu3B9t/efvvWvdxh3iIQnAABElxJF5vQpfbWzlhofHXWSsMEhkzVX01YmG3Y7yW3+9s/X6xXzkYAgRAECJAQqrjgHC61Ov/MQkMJ2Z4WGkeBIcTAhIXZTGDsDXrfW7BLTkcAgQAFLAZIgJoOT6nZ2vzjSWhI8fKs0BBCvXUSGLtd7ucLHgggkBcgQPIiAb2/fOXF17LQEDL5sdSPSdMzK43x0Njf7V2ZdC77EUAAASNAgBiFwLYsNA7Wzt3QmaE/Dy+eIKFR7BLDXuaIwCoECJBVKDrQxkbrpV9lwTEzNKTYy25PsdJwoHgMAQFPBQgQTwuXDXu91XnP/L5GKtd+PSk4Hllp7HQ3suv5igACCJQVIEDKyDlwTbbaSKR4ZtJwlFDvsNKYpMN+BBBYVoAAWVawxusvtzdfz4Jj2mpDyoOfHQXHbm+9xuHRFQIIRCZAgHhQ8Eb7+vvNdkcdiOTVacFxFBr9XrK3c+t3HkyLISJQRoBrHBIgQBwqRm4oyfrVzUMTHFKop3PHTt4qId7NguNkJy8QQACBGgQIkBqQF+li/WrngQkNvR0m+lF0rflQ/PQ2VffrReewDwEEEKhagACpWniO9putzZvZZxtJIsy/Xlt4Vaof2Wqj7G2qwobZiQACCJQQIEBKoK3qkiw0hEw6Uj+K2jWrDX2b6r8mOGL+l26LbNiHAAJ2BQiQ+v2TLDh0ZshJ3evFRmpCw/zjhcPd7tcmncd+BBDwRSC8cRIgNdb0ODgOJwWHWW3I9PC3JjhYbdRYGLpCAIFSAgRIKbbFLnr++etP6w/F1eTgEPdMaJjVxt7gzV8u1jpnI4AAAnYECJCK3Z+7unXvwwP1flE3qVL3R8ER5v8TXjTnJfZxKQIIOCZAgFRUkOPbVWotkV/Kd5EFx51+78n8Md4jgAACvggQIBVU6tq1a88W3a4yn3HoFcc5gqMCdJpEAIHqBCa0TIBMgFlm90fpU3fz15ufqjKfcej9h3rjiQACCHgvQIBUUML86kPJtMtPVVUATZMIIGBVgACpmF+J9PXhzvb1iruheacFGBwCYQoQIBXUVQn1D6U/KT9M1cfD3e2fVtAFTSKAAALWBQiQCkow3O19ezjoJe8Meo/8BFYF3dEkAgggYEXAhwCxAkOnCCCAAALTBQiQ6T4cRQABBBCYIECATIBhNwIICCFAQGCKAAEyBYdDCCCAAAKTBQiQyTYcQQABBBCYIkCATMFZ/hAtIIAAAuEKECDh1paZIYAAApUKECCV8tI4AgjYEqDf6gUIkOqN6QEBBBAIUoAACbKsTAoBBBCoXoAAqd7Yzx4YNQIIIDBDgACZAcRhBBBAAIFiAQKk2IW9CCCAgC0Bb/olQLwpFQNFAAEE3BIgQNyqB6NBAAEEvBEgQLwpFQOdV4DzEECgHgECpB5nekEAAQSCEyBAgispE0IAAQTqEXg0QOrpl14QQAABBDwXIEA8LyDDRwABBGwJECC25OkXgUcF2IOAVwIEiFflYrAIIICAOwIEiDu1YCQIIICAVwJBBYhX8gwWAQQQ8FyAAPG8gAwfAQQQsCVAgNiSp18EghJgMjEKECAxVp05I4AAAisQIEBWgEgTCCCAQIwCBIgbVWcUCCCAgHcCBIh3JWPACCCAgBsCBIgbdWAUCCBgS4B+SwsQIKXpuBABBBCIW4AAibv+zB4BBBAoLUCAlKbjwpEAfyKAQKwCBEislWfeCCCAwJICBMiSgFyOAAII2BKw3S8BYrsC9I8AAgh4KkCAeFo4ho0AAgjYFiBAbFeA/u0J0DMCCCwlQIAsxcfFCCCAQLwCBEi8tWfmCCCAwFICSwTIUv1yMQIIIICA5wIEiOcFZPgIIICALQECxJY8/SKwhACXIuCCAAHiQhUYAwIIIOChAAHiYdEYMgIIIOCCQJwB4oI8Y0AAAQQ8FyBAPC8gw0cAAQRsCRAgtuTpF4E4BZh1QAIESEDFZCoIIIBAnQIESJ3a9IUAAggEJECAeFZMhosAAgi4IkCAuFIJxoEAAgh4JkCAeFYwhosAArYE6DcvQIDkRXiPAAIIIDCXAAEyFxMnIYAAAgjkBQiQvAjvqxKgXQQQCEyAAAmsoEwHAQQQqEvgCwAAAP//6L7B/AAAAAZJREFUAwB1gBJa+PzoeQAAAABJRU5ErkJggg==','belum',NULL),(22,66,'','dandenkeslap','masuk','Administrator IT','dandenkeslap','TEST 24-6-26','2026-06-24 05:53:48','Proses',NULL,'dandenkeslap',0,'data:image/png;base64,iVBORw0KGgoAAAANSUhEUgAAAZAAAACWCAYAAADwkd5lAAAO2UlEQVR4AezdbYhjVx3H8XNudmfX2lVapdruJGuXdieZSpG2yk4ySpUitSAqWBDUvhAE0ZeCVsVWpaDiG0FUKPhC6xstggqW+qJU7WSmpfqioJuMta2TzLqtVcTt9mE7k3t6zs6ke3InM5OHm9xzzv2Gyc49N/fhfz7/aX7cZDKNBDcEEEAAAQRGECBARkBjFwQQQAABIQgQfgoQyEqA8yLguQAB4nkDKR8BBBDISoAAyUqe8yKAAAKeC3gcIJ7LUz4CCCDguQAB4nkDKR8BBBDISoAAyUqe8yLgsQClI2AECBCjwB0BBBBAYGgBAmRoMnZAAAEEEDACBIhRmPad8yGAAAIBCBAgATSRKSCAAAJZCBAgWahzTgQQyEqA86YoQICkiMmhEEAAgTwJECB56jZzRQABBFIUIEBSxMzDoZgjAggg0BUgQLoSfEcAAQQQGEqAABmKi40RQACBrATcOy8B4l5PqAgBBBDwQoAA8aJNFIkAAgi4J0CAuNcTKpqMAEdFAIGUBQiQlEE5HAIIIJAXAQIkL51mnggggEDKAgMHSMrn5XAIIIAAAp4LECCeN5DyEUAAgawECJCs5DkvAgMLsCECbgoQIG72haoQQAAB5wUIEOdbRIEIIICAmwJ5CBA35akKAQQQ8FyAAPG8gZSPAAIIZCVAgGQlz3kRyIMAcwxagAAJur1MDgEEEJicAAEyOVuOjAACCAQtQIA43V6KQwABBNwVIEDc7Q2VIYAAAk4LECBOt4fiEEAgKwHOu78AAbK/EVsggAACCPQRIED6oLAKAQQQQGB/AQJkfyO2GEWAfRBAIHgBAiT4FjNBBBBAYDICBMhkXDkqAgggkJXA1M5LgEyNmhMhgAACYQkQIGH1k9kMKVAs114uVWpqnHuxvPjEkKdlcwSCECBAgmgjkxhGoDRffbZYrsYmNKQUh5P7DjuWUl1fLFc7w+7H9gj4LkCA+N5B6t9X4PiJhbv0E/yFwDChIZR8m9S3fXccYgN9uMgcuzi3+JkhdmNTBLwWIEC8bh/F7yVQrNT+Y57UNwvRN/UTvNxrW6VUrGLRUUpsmrtQYqP3Ls8L1XvX2+246pCR+kmpvPj0XufiMQRCEUg/QEKRYR4+C0gTHDox3rLXJJS+SaEeajXqst1cLrRX6wfazfpBc2816zO996XDrWbvXW93QKfOd3acQ6qri+Xa5o71rEAgMAECJLCG5n06xa33NuLdHHRmqANx57vboRGtNZZv2W3bQdavN1e+Yo5ljmtvL6UomBArv+vdVcENgUAFCJBAG5u3aZUq1b+XKjUl9S05d/Pkbp7kzb3dXI6eXn30zuQ2447NcfUVz/PJ47x0fqauX0r7aXL9hMYcFoGpChAgU+XmZOkLfOwKc9UhhLxWJG5bwXHVlebJPfHQRIZrjfoV+iWtu5MH18FyR3IdYwRCECBAQuhiTucwO1fdLFX+/Zy+6NDP0UkE9bet4Lj/2eQjkxzrl7S+Za50THjZ59kKOXsNywj4L0CAWD1k0Q+BY3PVn5mXq6JIFpIVx/pmnsBbjeV3Jh+b5tiElx0iJuT0S1kr06yBcyEwaQECZNLCHD9Vgdm5hY6K5KeTBzVP1iY41ldXdoRKcttpjU2I2OfSl0knj1UWf2ivYxkBnwUIEJ+7l6Pa5+fnZ7auOqI+P7Pdl6vcA1FC/cOuSo8/X6pU77PXsWwEuPso0Oc/Rh+nQc0hC+j3Ol46py47n5xj96oj65erknXZ43Zj2by5/197nRDyU6VK7ZeCGwKeCxAgnjcw8PIvNW8+R5F8w855qqeSLxHt3MaNNa1G/a26kkSIiNt1iPxar+cLAW8FCBBvW9dTeHCDYqW6rp9gXzBvPtuT277quFRfdVxjr3d9eStE5JlEnR9JjBki4JUAAeJVu/JRrLnqkEIeTc42jtXL21cdLyYf82HcaixdpZRct2s1IWmPWUbAJwECxKduBV7rscrCw6VdPk3eatTl+uryJb4TtJtLRT0Hpe/dr0uvnF+4tTvgu4cCOS6ZAMlx812aurnqUCK6OVlTrG8mPJLrfR5vyPg2u/6DKnrAHrOMgC8CkS+FUmeYAqVK9S+lXa46olj9Yt2hz3Wk1YEzp1Ye1Mc6p+/dL3lsvvbz7oDvCPgiQID40qkA6zRXHULIG5JT236jXP5zdfkTycdCGeurqiP2XJQSn7THLCPggwAB4kOXAqvx2PzC/btddQgV17ffKA9s1v2mo35jry2Vq7+3xywj4LoAAeJ6hwKrb3a+2lAq+nhyWt2rjlZzZTH5WKjjVmP5o3puF99Ql/KDeswXAlMTGPdEBMi4guw/sECxXPt/pGQ5uYMU8R/yc9XRO3sp5F32mlK59pA9ZhkBlwUIEJe7E1Bts+XqhpTiTfaUulcda42V99vr87S81li6R8/XugoRH9BjvhDwQoAA8aJNfhdZnKt2IikP2LMw4eH9VYc9oXGWlfiavXupsviYPWYZAVcFCBBXOxNIXcVyNZaR7Pk5i/WN8LjY4Faz/m09ivV9+0u95/jxW0rbA74h4KxAz3/YzlZJYV4KXAgPKaVdvL7y2Ajxsx32HEdZllJ+395v89Arp+wxywi4KJBhgLjIQU1pCfQPD3G23VyeSescIR1n7dTSF6UQZy/OSb2xNF8zVyYXV7GEgGMCBIhjDQmgnMv7fcZDvz7Tbjfrbw5gfhObwlqjflnPwZW4s3Riccf/fbFnGwYIZChAgGSIH9qpL7updpsOj+T/90JI2Xl4vVHnNf39Gx4rIX/Us1kU/6BnnNKAwyCQhgABkoYixxBXV07ee+RF8bskxcF483trpx7lV1OTMLuM242lLwgpll5/WKfv68ssIOCYAAHiWEN8LMe839ERhc8ma2816vKp1ce+lFzPeG8BJcRXrS0uf0eldtIas4iAMwIEyCitYJ8LArNzCx39kpWS+nZhhfWPCQ9ryOIQAu1T9UeEUPd1d4mFMn/ypDvkOwLOCBAgzrTCn0K6wRHpW7+qCY9+KsOtk6LwZSHEC/oupBKPm+/cEXBNgABxrSMO16OD47y54tC50ffnJtY3wiOdBq41HjlTKGxeG4vCibXm8q/SOWoQR2ESDgn0fSJwqD5KcURgOzhm+pWjcyNu6fc7+IBgP53R1z3z18eeW2/86cnRj8CeCExWgACZrG8QRzfh0W8iBEc/FdYhkB8BAiQ/vb4w02H/6RceOjhe5YpjWEm2RyA8AQIkvJ6mNiPz67nJg20Hx6HkesYIIJA/AQIkfz0faMYmPKS+2Ru3Gkfea49ZRgCBYQTC25YACa+nY89odm6ho7ND9hxIxvcJ8eDFT0j3PMgAAQTyKECA5LHre8z56Fz1bPLXdGMh261TK3fssRsPIYBADgUIkBw2fbcpF6+rPl6I5BH7cf2G+cZ6Y8mFP4Rol8UyAgg4IECAONAEF0q45poPHZKxvMmuRcVKra+u9P3sh70dywggkE8BAiSffd8x61cPnn3FXqn0rb26zM+HjcIyAnkV2GXePEHsApOn1eY3ruz56uxQ7SbhYZuwjAACOwUIkJ0muVpjwiP5G1eER65+BJgsAiMLECAj0/m/49G5hY1keGzMdL7u/8xcmwH1IBCmAAESZl/3ndVsufZ0IYoO2BvGSjxz5olH77HXsYwAAgjsJkCA7CYT9PrbC5EUV9tT7MTx5nqzftxexzICCCCwl4APAbJX/Tw2rMDNNx8uVf61ae9m3jQ/vbpy0F7HMgIIILCfAAGyn1BAj994442XlJ7beNmekgkP3jS3RVhGAIFBBQiQQaU83+7t15/8xvMvHX7RngbhYWuw3FeAlQjsIUCA7IETykNH5xd+PLNRuNueD+Fha7CMAAKjCBAgo6h5tE/xuoXfFlT0ObtkwsPWYBkBBEYVIEBGlRtov2w3MuEh4+jDdhWEh63BMgIIjCNAgIyj5/C+s/PVPxIeDjeI0hAIQIAACaCJySnMVmpPREq+z17PlYetwXIeBJjj5AUIkMkbT/UMRysLf9ZNvd4+KeFha7CMAAJpCejnmrQOxXFcENBXHjfYdRAetgbLCCCQpgABkqamA8ey/zjiWOHhwFwoAQEE3BYgQNzuz1DVHT2x0PMnSmIVnR7qAGyMAAIIDCFAgAyB5fqmhUJUsGs8vbpUtMcsI4CAFwLeFEmAeNOqfQu90t7CvHxlj1lGAAEE0hYgQNIWzeh4xXK15+Wq/3UO9Xz6PKOyOC0CCAQsQIAE0lz7zXMzpXNPPnyv+Z7HO3NGAIHpCBAg03Ge6Flmr1t4wD5BrG/2mGUEEEBgEgIEyCRUp3xM2ZG32qdcX13peTPdfoxlBBBAIC2BnQGS1pE5DgIIIIBA0AIESNDtZXIIIIDA5AQIkMnZcmQEhhVgewS8EiBAvGoXxSKAAALuCBAg7vSCShBAAAGvBIIKEK/kKRYBBBDwXIAA8byBlI8AAghkJUCAZCXPeREISoDJ5FGAAMlj15kzAgggkIIAAZICYtaHiJXqdGvgr/B2JfiOAAKTFiBAJi082PHH2ur06srBTqzOxfrWbi4fGutg7IwAAggMKECADAjl+manV5ePbP8NrA3Xa6U+BBAIQ4AACaOPzAIBBEYVYL+RBQiQkenYEQEEEMi3AAGS7/4zewQQQGBkAQJkZDp23BLgXwQQyKsAAZLXzjNvBBBAYEwBAmRMQHZHAAEEshLI+rwESNYd4PwIIICApwIEiKeNo2wEEEAgawECJOsOcP7sBDgzAgiMJUCAjMXHzggggEB+BQiQ/PaemSOAAAJjCYwRIGOdl50RQAABBDwXIEA8byDlI4AAAlkJECBZyXNeBMYQYFcEXBAgQFzoAjUggAACHgoQIB42jZIRQAABFwTyGSAuyFMDAggg4LkAAeJ5AykfAQQQyEqAAMlKnvMikE8BZh2QAAESUDOZCgIIIDBNAQJkmtqcCwEEEAhIgADxrJmUiwACCLgiQIC40gnqQAABBDwTIEA8axjlIoBAVgKcNylAgCRFGCOAAAIIDCRAgAzExEYIIIAAAkkBAiQpwnhSAhwXAQQCEyBAAmso00EAAQSmJfAaAAAA//+yhju2AAAABklEQVQDANDiS1qiY/gdAAAAAElFTkSuQmCC','belum',NULL),(23,66,'','dandenkeslap','masuk','Administrator IT','dandenkeslap','TEMBUSAN TEST','2026-06-24 06:14:25','Proses',NULL,'dandenkeslap',0,'data:image/png;base64,iVBORw0KGgoAAAANSUhEUgAAAZAAAACWCAYAAADwkd5lAAAPZElEQVR4AezdW4wkVR3H8XNqdnZXlosBJch29wZ3ZaaHSyAq7nQveIkkXiIhRmOID4bEGHzQaILxwUhi5MHIg8YXNCTG+EB4kBhDIEoUSJieAYMSwZ3uURaX7tloBEHEda9Tx/+Z7Z6tqa6ZvlV31an6Nl1M1emqOud8zmz9pqq6ZzzFAwEEEEAAgSEECJAh0NgEAQQQQEApAoTvAgSSEqBeBBwXIEAcH0CajwACCCQlQIAkJU+9CCCAgOMCDgeI4/I0HwEEEHBcgABxfABpPgIIIJCUAAGSlDz1IuCwAE1HwAoQIFaBCQEEEEBgYAECZGAyNkAAAQQQsAIEiFWY9ER9CCCAQAYECJAMDCJdQAABBJIQIECSUKdOBBBISoB6YxQgQGLEZFcIIIBAngQIkDyNNn1FAAEEYhQgQGLEzMOu6CMCCCDQESBAOhJ8RQABBBAYSIAAGYiLlRFAAIGkBNJXLwGSvjGhRQgggIATAgSIE8NEIxFAAIH0CRAg6RsTWjQeAfaKAAIxCxAgMYOyOwQQQCAvAgRIXkaafiKAAAIxC/QdIDHXy+4QQAABBBwXIEAcH0CajwACCCQlQIAkJU+9CPQtwIoIpFOAAEnnuNAqBBBAIPUCBEjqh4gGIoAAAukUyEOApFOeViGAAAKOCxAgjg8gzUcAAQSSEiBAkpKnXgTyIEAfMy1AgGR6eOkcAgggMD4BAmR8tuwZAQQQyLQAAZLq4aVxCCCAQHoFCJD0jg0tQwABBFItQICkenhoHAIIJCVAvb0FCJDeRqyBAAIIIBAhQIBEoFCEAAIIINBbgADpbcQawwiwDQIIZF6AAMn8ENNBBBBAYDwCBMh4XNkrAgggkJTAxOolQCZGTUUIIIBAtgQIkGyNJ71BAAEEJiZAgEyMmopcEaCdCCDQnwAB0p8TayGAAAIIhAQIkBAIiwgggAAC/QnEHyD91ctaCCCAAAKOCxAgjg9gWpu/f+bgvcXZil8qV832U+WPae0D7UIAge0FCJDtfXh1AAEJjFMyrYfGGW/qW1oevTfXN8o2a73XY40+BFgFgYkKECAT5c5WZXLg3wgMe5YhebFTJj1oL2Ubz24v04uDbsv6CCCQnAABkpy9EzUXy9XVwsz8moSFb6dSubJxSUoO/D0Dw9iHL//zTfs/tWZ8maQoAuBaW0dEOUUIIJBCAQIkMCjMKlUszz9TCty3kNOJvZ48JCzWn0pJier98OXRrNd0q7HotVbWpyn5KlNtR2tFJik3Rv0pvCdbia1fguSF8GssI4BAugQIkHSNR6KtsWcaWnkfUAM+5GTCSF74NjA60+rK0lSv3bQatRvs+rLeEZk2PSVIrpMQ8TcVsoAAAqkSIEBSNRzJNcYerOVEo+f3gw0LOwUDw55l9BMYW/VOQuSATNruN7iOhIi2ZyMyHQ6WM59FAfrkokDPA4aLnaLN/Qt0LlnZg3VwK3swN0odswf24GTDwk6jBEawnuC83a8yqhEsa8/PFWcrnI20MfiCQFoECJC0jEQC7djqkpVv1H/twbxVrxUm3axmo1aWwHqnDbBg3Tbg5ExEbuBX+NxIEIZ5BBIUIEASxI+x6oF3ZX+ij7pk9ea099nVRu2igXcY7wavteQmu+xyWabQc/1zI/Zs5B2hF1hEAIEJCxAgEwZPqrri7Px9xZlK+624VWN/og+2xf7ELz/56zdfePoXwfIk56U918i01b2RV0tlzkaSHB/qRoAAyej3QGG2csaeZZTab8nV2rtbezY2dNf7cI0yR9s/8adSw7Yt6i2/Sm2cjSgeCCQmkOOKCZAMDX5hpnK2ExiSFTu0PLbrXueso1VfvGq79dLwWuctv7bNwfZIFzvv1Ho8WM48AgiMX4AAGb/x2GsozMyftsHhebrnZy9sY+xB2HiqZn+yt8suTbbN0Wcj6lZrUDxQvc2l/tBWBFwWIEAcHj25THXcHjTlZvj0dt1YDwxtftas17Sd7EG4dbh2aLttJvfa4DW1z0Yus/0Kb62n1a/E5FS4nGUEEIhfgACJ33TseyzMVl+Tg6SRy1QXRFVmP+TnnZh+mw0LO60HxvLinVHrOlz2uu2X0urJiD7stD6lcqUW8RpFCCAQkwABEhPkJHZTKFePluSmuKfVZVH1+b45aQPDfsjv6NGnTkatk7Wy5nLtI7bP0q/jMoWeumK9uKwVYmERgbbAqF8IkFEFJ7B9ca7ykD0QymDti6rufHAsvi3q9TyUSYhcKFPXW35t39uXtU7beSYEEIhPQI5J8e2MPcUuoO1bcbXRn4vas+/7p+1Bc3Ulv8ERdjl3WUs/Ei6X5WkbwqW5Q8/KPE8EEIhBgACJAXEcuyjMzK/JAc+3b1MN7/98cCztCr/GslLN5YXbbLBqpd7q8jDmJnE1pdnqPV2vDVrA+gjkXIAASdk3QGGusmgPcJ48wk2T4Fj/lemrKwRH2CZq+ZV67eILzNn3Rb1bS26+f0fO7tbeM/f+G6K2pQwBBHoLECC9jSa1xhVyQPM9o+fDFdoDYLN+0c0SHH19ziO8fZ6XG41n/2AvaxmtHww7yNmdd8rsfF4CO+IGfHhtlhFAICyQYICEm5Lf5fblqr/LAU2uumx28I3+hz0AKvXrhc2vsDSIQGt54fP2spZs8zeZws8LJETMvvL8w+EXWEYAga0FCJCtbcb+SvGag4+V7Ntyt7tc1Vh419gbkqMKJETeLZMEtel6V5ZR3qeL5epLOeKgqwiMJECAjMQ3/Mb2rEP7Ux8P7+Hc5aqa5nJVWCbe5WZ9cZc5439MKbNpx5Is+0vl6olNhRlcoEsIxCFAgMShOOA+1u91RJ11bFyuGnCHrD6UQOulpd9IkEhm6J+HdrBbQsSXMu45CQJPBLYSIEC2khlDeWGuuiQHJrmfq+Wgdb6CjbMOLledR5ngXLO+8AWjzB2hKu1v+T1bODD/wVA5iwgg0BYgQNoQA30ZYmV7ycoz6mB4U/vW3HM3ycOvsDxJgVZ98aFde07tD9fpTXtP7StXvx8uZxkBBJQiQMb/XXBpcbbiyxWrbmtv7WHudYx/APqt4a/PPfdys17Tsv6mGyOy8A05czxRnKveJa/xRACBtkD3Qa39Al9GF9hbrtjPGPxLyyO4t84lq+bhZz4TLGc+HQISIvLvwvwv1Jrd2qj7JUjsp9j/ve/q6idCr7M4GQFqSZGA/ENJUWsy1BR7yWpK6a5POXPJyo1Blpvre5TWRyJbq9UlZko9asNk31z17sh1KEQgBwIEyBgGeatLVsbzH+GS1RjAx7TL5vLCAV+pT8ru/yNT5NMYdd++8s1fjHyRQgQyLkCAxDrAt6//oj65YqWDu7VnHXJZRLcOLyX+51aD7WK+t8BqvfaYjN0lMunp03uuk7OSVdlKbovI/9tPo/wHiuXqSnuRLwjkRoAAiWmoC7OHXi6VX+36VeFrvnmDs46YkBPezZEjj/9ZzkqKEiby78b8Ltgc+YnhantJS6avBcuZRyDLAvIPIcvdm0zf7P0OT5urwrWd3H3my8dWFi8Nl7PsvoDcI/moMjrqT+b+oFi+5Rb3e0gP4hfI3h4JkBHHNOp+R+ddVv98/vc/HnH3bJ5igWZj4ZDxzbeliadk2nhqtfZkcfbQT/dfX7l8o5AZBDIoQIAMOaiX33jTXXK5wkTd72g1FnEd0tW1zVori/fKJa3d0u4fytR5elqbO8+e8b7aKeArAlkU4EA3xKjuLVef231y+v7wptzvCIvEupzqnUmIfF3ug9wTbKTRphVcZh6BrAkQIAOOaGGu8sSUUu8Nb3ahfmMX9zvCKvlafqVe+65S+lZlvC/5xr++uVz7ieKBQIYFCJABBrdw7fwvPaM/HNykc79jeXm56+9LBNdjPh8CzfrCb5uNpx9YbSy9mI8e08tcCGzRSQJkC5hw8RXXHvyRt+bdHiy34cH9jqAI8wggkCcBL0+dHbavl11T+ebOtamvBLcnPIIazCOAQB4FCJBeo37lp+7Y4+vvBVcjPIIazPcWYA0EsilAgGwzrlfOHHq5dMnrD25exSguW20WYQkBBPIpQIBEjvuHdtsPCO7wTNeny5v1RR25CYUIIIBAzgRcCJCJDon9tSSl8pkTWh7hipvn/thQuJhlBBBAIJcCBEh72PfOVZ6wnyyP+suB9p4H4dGG4gsCCCDQFiBABGLvbHVxKvT5DilWNjjU8bdfyj0Pq8GUSwE6jcA2ArkPkCtnqo0prebDRmu+ecsGR7P56Bvh11hGAAEEEFAq9wEypc3VwW8Ee9ZhL1cdW1m8OFjOPAIIIIDAZoHcB8hmDhXzW3TDe2cZAQQQyI5A7gPE943fGU579tGZ5ysCCCCAwPYCuQ+QY39Z2rHm+8d9ecg9j53bc/EqAgi4IkA7xy+Q+wCxxMdWli5cXVmakvmzMvFEAAEEEOhDgADpA4lVEEAAAQS6BQiQbhNKrAATAggg0EOAAOkBxMsIIIAAAtECBEi0C6UIIIBAUgLO1EuAODNUNBQBBBBIlwABkq7xoDUIIICAMwIEiDNDRUP7FWA9BBCYjAABMhlnakEAAQQyJ0CAZG5I6RACCCAwGYHuAJlMvdSCAAIIIOC4AAHi+ADSfAQQQCApAQIkKXnqRaBbgBIEnBIgQJwaLhqLAAIIpEeAAEnPWNASBBBAwCmBTAWIU/I0FgEEEHBcgABxfABpPgIIIJCUAAGSlDz1IpApATqTRwECJI+jTp8RQACBGAQIkBgQ2QUCCCCQRwECJB2jTisQQAAB5wQIEOeGjAYjgAAC6RAgQNIxDrQCAQSSEqDeoQUIkKHp2BABBBDItwABku/xp/cIIIDA0AIEyNB0bHhOgP8jgEBeBQiQvI48/UYAAQRGFCBARgRkcwQQQCApgaTrJUCSHgHqRwABBBwVIEAcHTiajQACCCQtQIAkPQLUn5wANSOAwEgCBMhIfGyMAAII5FeAAMnv2NNzBBBAYCSBEQJkpHrZGAEEEEDAcQECxPEBpPkIIIBAUgIESFLy1IvACAJsikAaBAiQNIwCbUAAAQQcFCBAHBw0mowAAgikQSCfAZIGedqAAAIIOC5AgDg+gDQfAQQQSEqAAElKnnoRyKcAvc6QAAGSocGkKwgggMAkBQiQSWpTFwIIIJAhAQLEscGkuQgggEBaBAiQtIwE7UAAAQQcEyBAHBswmosAAkkJUG9YgAAJi7CMAAIIINCXAAHSFxMrIYAAAgiEBQiQsAjL4xJgvwggkDEBAiRjA0p3EEAAgUkJ/B8AAP//xKjPjwAAAAZJREFUAwAFk8ha9nR4WQAAAABJRU5ErkJggg==','belum',NULL);
/*!40000 ALTER TABLE `disposisi_surat` ENABLE KEYS */;
UNLOCK TABLES;

--
-- Table structure for table `disposisi_surat_keluar`
--

DROP TABLE IF EXISTS `disposisi_surat_keluar`;
/*!40101 SET @saved_cs_client     = @@character_set_client */;
/*!50503 SET character_set_client = utf8mb4 */;
CREATE TABLE `disposisi_surat_keluar` (
  `id` int NOT NULL AUTO_INCREMENT,
  `id_surat_keluar` int NOT NULL,
  `dari_role` varchar(50) NOT NULL,
  `untuk_role` varchar(50) NOT NULL,
  `catatan` text,
  `ttd_digital` text,
  `status_baca` enum('belum','dibaca') DEFAULT 'belum',
  `tanggal_disposisi` datetime DEFAULT CURRENT_TIMESTAMP,
  `tanda_tangan` text,
  PRIMARY KEY (`id`)
) ENGINE=InnoDB AUTO_INCREMENT=12 DEFAULT CHARSET=utf8mb4 COLLATE=utf8mb4_0900_ai_ci;
/*!40101 SET character_set_client = @saved_cs_client */;

--
-- Dumping data for table `disposisi_surat_keluar`
--

LOCK TABLES `disposisi_surat_keluar` WRITE;
/*!40000 ALTER TABLE `disposisi_surat_keluar` DISABLE KEYS */;
INSERT INTO `disposisi_surat_keluar` VALUES (1,13,'admin','wakakesdam_jaya','mohon petunjuk TEST APP 17-6-2026',NULL,'belum','2026-06-17 22:03:06','ttd_keluar_13_1781708586.png'),(2,13,'admin','wakakesdam_jaya','mohon petunjuk TEST APP 17-6-2026',NULL,'belum','2026-06-17 22:03:11','ttd_keluar_13_1781708591.png'),(3,13,'admin','wakakesdam_jaya','mohon petunjuk TEST APP 17-6-2026',NULL,'belum','2026-06-17 22:03:16','ttd_keluar_13_1781708596.png'),(4,13,'admin','wakakesdam_jaya','TEST 17-6-2026',NULL,'belum','2026-06-17 22:08:56','ttd_keluar_13_1781708936.png'),(5,13,'admin','wakakesdam_jaya','TEST 17-6-2026',NULL,'belum','2026-06-17 22:13:33','ttd_keluar_13_1781709213.png'),(6,13,'admin','wakakesdam_jaya','TEST 17-6-2026',NULL,'belum','2026-06-17 22:13:37','ttd_keluar_13_1781709217.png'),(7,13,'admin','wakakesdam_jaya','TEST 17-6-2026',NULL,'belum','2026-06-17 22:13:44','ttd_keluar_13_1781709224.png'),(8,13,'admin','wakakesdam_jaya','TEST 17-6-2026',NULL,'belum','2026-06-17 22:15:25','ttd_keluar_13_1781709325.png'),(9,13,'admin','dandenkeslap','TEST',NULL,'belum','2026-06-18 19:44:09','ttd_keluar_13_1781786649.png'),(10,13,'admin','tidak_ada','TEST',NULL,'belum','2026-06-18 19:45:09','ttd_keluar_13_1781786709.png'),(11,13,'admin','dandenkeslap','Tembusan Komando kepada Dandenkeslap','ttd_keluar_13_1781786709.png','belum','2026-06-18 19:45:09',NULL);
/*!40000 ALTER TABLE `disposisi_surat_keluar` ENABLE KEYS */;
UNLOCK TABLES;

--
-- Table structure for table `disposisi_surat_masuk`
--

DROP TABLE IF EXISTS `disposisi_surat_masuk`;
/*!40101 SET @saved_cs_client     = @@character_set_client */;
/*!50503 SET character_set_client = utf8mb4 */;
CREATE TABLE `disposisi_surat_masuk` (
  `id` int NOT NULL AUTO_INCREMENT,
  `id_surat_masuk` int NOT NULL,
  `dari_role` varchar(50) CHARACTER SET utf8mb4 COLLATE utf8mb4_general_ci NOT NULL,
  `untuk_role` varchar(50) CHARACTER SET utf8mb4 COLLATE utf8mb4_general_ci NOT NULL,
  `tujuan_utama` enum('ya','tidak') CHARACTER SET utf8mb4 COLLATE utf8mb4_general_ci NOT NULL DEFAULT 'ya',
  `tembusan` text CHARACTER SET utf8mb4 COLLATE utf8mb4_general_ci,
  `catatan_disposisi` text CHARACTER SET utf8mb4 COLLATE utf8mb4_general_ci,
  `catatan` text CHARACTER SET utf8mb4 COLLATE utf8mb4_general_ci,
  `file_ttd` varchar(255) CHARACTER SET utf8mb4 COLLATE utf8mb4_general_ci DEFAULT NULL,
  `status_baca` enum('belum','sudah') CHARACTER SET utf8mb4 COLLATE utf8mb4_general_ci NOT NULL DEFAULT 'belum',
  `ttd_digital` varchar(255) CHARACTER SET utf8mb4 COLLATE utf8mb4_general_ci DEFAULT NULL,
  `tanggal_disposisi` datetime DEFAULT CURRENT_TIMESTAMP,
  `waktu_disposisi` datetime DEFAULT CURRENT_TIMESTAMP,
  `status_pimpinan` varchar(20) CHARACTER SET utf8mb4 COLLATE utf8mb4_general_ci DEFAULT 'belum',
  `prioritas` varchar(20) CHARACTER SET utf8mb4 COLLATE utf8mb4_general_ci DEFAULT 'normal',
  `dikirim_ke_pimpinan` varchar(5) CHARACTER SET utf8mb4 COLLATE utf8mb4_general_ci DEFAULT 'tidak',
  `tanggal_dikirim_pimpinan` datetime DEFAULT NULL,
  `is_new` tinyint(1) DEFAULT '1',
  `status_proses` varchar(50) CHARACTER SET utf8mb4 COLLATE utf8mb4_general_ci DEFAULT 'pending',
  `disposisi_utama` text CHARACTER SET utf8mb4 COLLATE utf8mb4_general_ci,
  PRIMARY KEY (`id`),
  KEY `idx_penerima_status` (`untuk_role`,`status_baca`),
  KEY `idx_role_baca` (`untuk_role`,`status_baca`),
  KEY `idx_untuk_role_status` (`untuk_role`,`status_baca`),
  KEY `fk_surat_disposisi` (`id_surat_masuk`),
  CONSTRAINT `fk_surat_disposisi` FOREIGN KEY (`id_surat_masuk`) REFERENCES `surat_masuk` (`id_surat`) ON DELETE CASCADE ON UPDATE CASCADE
) ENGINE=InnoDB AUTO_INCREMENT=200 DEFAULT CHARSET=utf8mb4 COLLATE=utf8mb4_general_ci;
/*!40101 SET character_set_client = @saved_cs_client */;

--
-- Dumping data for table `disposisi_surat_masuk`
--

LOCK TABLES `disposisi_surat_masuk` WRITE;
/*!40000 ALTER TABLE `disposisi_surat_masuk` DISABLE KEYS */;
/*!40000 ALTER TABLE `disposisi_surat_masuk` ENABLE KEYS */;
UNLOCK TABLES;

--
-- Table structure for table `disposisi_wakakesdam`
--

DROP TABLE IF EXISTS `disposisi_wakakesdam`;
/*!40101 SET @saved_cs_client     = @@character_set_client */;
/*!50503 SET character_set_client = utf8mb4 */;
CREATE TABLE `disposisi_wakakesdam` (
  `id_disposisi` int NOT NULL AUTO_INCREMENT,
  `id_surat_masuk` int NOT NULL,
  `dari_pejabat` varchar(100) DEFAULT NULL,
  `status_baca` enum('belum','sudah') DEFAULT 'belum',
  `catatan` text,
  `tanggal_disposisi` datetime DEFAULT CURRENT_TIMESTAMP,
  PRIMARY KEY (`id_disposisi`),
  KEY `id_surat_masuk` (`id_surat_masuk`)
) ENGINE=InnoDB DEFAULT CHARSET=utf8mb4 COLLATE=utf8mb4_0900_ai_ci;
/*!40101 SET character_set_client = @saved_cs_client */;

--
-- Dumping data for table `disposisi_wakakesdam`
--

LOCK TABLES `disposisi_wakakesdam` WRITE;
/*!40000 ALTER TABLE `disposisi_wakakesdam` DISABLE KEYS */;
/*!40000 ALTER TABLE `disposisi_wakakesdam` ENABLE KEYS */;
UNLOCK TABLES;

--
-- Table structure for table `log_aktivitas`
--

DROP TABLE IF EXISTS `log_aktivitas`;
/*!40101 SET @saved_cs_client     = @@character_set_client */;
/*!50503 SET character_set_client = utf8mb4 */;
CREATE TABLE `log_aktivitas` (
  `id_log` int NOT NULL AUTO_INCREMENT,
  `id_user` int DEFAULT NULL,
  `role` varchar(100) CHARACTER SET utf8mb4 COLLATE utf8mb4_general_ci DEFAULT NULL,
  `aktivitas` text CHARACTER SET utf8mb4 COLLATE utf8mb4_general_ci,
  `tanggal` datetime DEFAULT CURRENT_TIMESTAMP,
  PRIMARY KEY (`id_log`)
) ENGINE=InnoDB AUTO_INCREMENT=12 DEFAULT CHARSET=utf8mb4 COLLATE=utf8mb4_general_ci;
/*!40101 SET character_set_client = @saved_cs_client */;

--
-- Dumping data for table `log_aktivitas`
--

LOCK TABLES `log_aktivitas` WRITE;
/*!40000 ALTER TABLE `log_aktivitas` DISABLE KEYS */;
INSERT INTO `log_aktivitas` VALUES (1,37,NULL,'Verifikasi Surat: B/5031/26/02/2026 menjadi Diterima Setum','2026-02-26 23:41:23'),(2,37,NULL,'Verifikasi Surat: B/5031/26/02/2026 menjadi Diterima Setum','2026-02-26 23:41:26'),(3,37,NULL,'Verifikasi Surat: B/5031/26/02/2026 menjadi Diterima Setum','2026-02-26 23:41:31'),(4,37,NULL,'Verifikasi Surat: B/5031/26/02/2026 menjadi Diterima Setum','2026-02-26 23:46:31'),(5,37,NULL,'Mendisposisikan surat ID #19 ke: Kakesdam Jaya, Waka Kesdam Jaya, Kasi Tuud','2026-02-26 23:50:16'),(6,37,NULL,'Mendisposisikan surat ID #18 ke: Kakesdam Jaya, Waka Kesdam Jaya, Kasi Tuud','2026-02-26 23:50:37'),(7,37,NULL,'Mendisposisikan surat ID #16 ke: Kakesdam Jaya, Waka Kesdam Jaya, Kasi Tuud','2026-02-26 23:51:27'),(8,41,NULL,'Memverifikasi surat masuk ID 62 dengan status Disetujui','2026-05-24 17:22:42'),(9,41,NULL,'Mengubah verifikasi surat masuk ID 62 menjadi status Ditolak','2026-05-24 17:27:49'),(10,41,NULL,'Mengubah verifikasi surat masuk ID 62 menjadi status Pending','2026-05-24 17:27:56'),(11,41,NULL,'Mengubah verifikasi surat masuk ID 62 menjadi status Diterima dan Dilanjutkan','2026-05-24 17:28:05');
/*!40000 ALTER TABLE `log_aktivitas` ENABLE KEYS */;
UNLOCK TABLES;

--
-- Table structure for table `log_aktivitas_surat`
--

DROP TABLE IF EXISTS `log_aktivitas_surat`;
/*!40101 SET @saved_cs_client     = @@character_set_client */;
/*!50503 SET character_set_client = utf8mb4 */;
CREATE TABLE `log_aktivitas_surat` (
  `id` int NOT NULL AUTO_INCREMENT,
  `id_surat` int DEFAULT NULL,
  `aktivitas` text CHARACTER SET utf8mb4 COLLATE utf8mb4_general_ci,
  `dilakukan_oleh` varchar(100) CHARACTER SET utf8mb4 COLLATE utf8mb4_general_ci DEFAULT NULL,
  `tanggal` datetime DEFAULT NULL,
  PRIMARY KEY (`id`)
) ENGINE=InnoDB AUTO_INCREMENT=2 DEFAULT CHARSET=utf8mb4 COLLATE=utf8mb4_general_ci;
/*!40101 SET character_set_client = @saved_cs_client */;

--
-- Dumping data for table `log_aktivitas_surat`
--

LOCK TABLES `log_aktivitas_surat` WRITE;
/*!40000 ALTER TABLE `log_aktivitas_surat` DISABLE KEYS */;
INSERT INTO `log_aktivitas_surat` VALUES (1,33,'Wakakesdam mengubah status surat menjadi: Proses Disposisi','Wakakesdam Jaya','2026-05-18 09:02:52');
/*!40000 ALTER TABLE `log_aktivitas_surat` ENABLE KEYS */;
UNLOCK TABLES;

--
-- Table structure for table `log_disposisi`
--

DROP TABLE IF EXISTS `log_disposisi`;
/*!40101 SET @saved_cs_client     = @@character_set_client */;
/*!50503 SET character_set_client = utf8mb4 */;
CREATE TABLE `log_disposisi` (
  `id_log` int NOT NULL AUTO_INCREMENT,
  `id_surat` int NOT NULL,
  `aktivitas` varchar(100) DEFAULT 'Mutasi Berkas',
  `tanggal_log` datetime DEFAULT CURRENT_TIMESTAMP,
  `aktor` varchar(100) NOT NULL,
  `posisi_lama` varchar(100) DEFAULT NULL,
  `posisi_baru` varchar(100) DEFAULT NULL,
  `keterangan` text,
  PRIMARY KEY (`id_log`),
  KEY `id_surat` (`id_surat`),
  CONSTRAINT `log_disposisi_ibfk_1` FOREIGN KEY (`id_surat`) REFERENCES `surat_masuk` (`id_surat`) ON DELETE CASCADE
) ENGINE=InnoDB DEFAULT CHARSET=utf8mb4 COLLATE=utf8mb4_0900_ai_ci;
/*!40101 SET character_set_client = @saved_cs_client */;

--
-- Dumping data for table `log_disposisi`
--

LOCK TABLES `log_disposisi` WRITE;
/*!40000 ALTER TABLE `log_disposisi` DISABLE KEYS */;
/*!40000 ALTER TABLE `log_disposisi` ENABLE KEYS */;
UNLOCK TABLES;

--
-- Table structure for table `log_disposisi_keluar`
--

DROP TABLE IF EXISTS `log_disposisi_keluar`;
/*!40101 SET @saved_cs_client     = @@character_set_client */;
/*!50503 SET character_set_client = utf8mb4 */;
CREATE TABLE `log_disposisi_keluar` (
  `id_log` int NOT NULL AUTO_INCREMENT,
  `id_surat` int NOT NULL,
  `dari_jabatan` varchar(100) NOT NULL,
  `ke_jabatan` varchar(100) NOT NULL,
  `tembusan` text,
  `catatan` text,
  `file_ttd` varchar(255) DEFAULT NULL,
  `tgl_disposisi` datetime DEFAULT CURRENT_TIMESTAMP,
  PRIMARY KEY (`id_log`)
) ENGINE=InnoDB AUTO_INCREMENT=28 DEFAULT CHARSET=utf8mb4 COLLATE=utf8mb4_0900_ai_ci;
/*!40101 SET character_set_client = @saved_cs_client */;

--
-- Dumping data for table `log_disposisi_keluar`
--

LOCK TABLES `log_disposisi_keluar` WRITE;
/*!40000 ALTER TABLE `log_disposisi_keluar` DISABLE KEYS */;
INSERT INTO `log_disposisi_keluar` VALUES (15,34,'admin','wakakesdam_jaya','tidak_ada','TEST 26-06-2026 09.00','ttd_keluar_34_1782266407_6a3b3a2713e22.png','2026-06-24 09:00:07'),(19,34,'admin','wakakesdam_jaya','tidak_ada','TESTTTT','ttd_keluar_34_1782267429_6a3b3e25dfcce.png','2026-06-24 09:17:09'),(20,14,'admin','wakakesdam_jaya','tidak_ada','TEST','ttd_keluar_14_1782267860_6a3b3fd496211.png','2026-06-24 09:24:20'),(21,35,'admin','kasi_dukkes','tidak_ada','DUKKES TEST 24-6-26','ttd_keluar_35_1782296024_6a3badd89ebbb.png','2026-06-24 17:13:44'),(22,34,'ruangan','setum','tidak_ada','TEST','ttd_keluar_34_1782300332_6a3bbeace191d.png','2026-06-24 18:25:32'),(23,36,'admin','kasi_minlogkes','tidak_ada','TESTING 24-6-2026 AZAM 8.7 WIB','ttd_keluar_36_1782306520_6a3bd6d886728.png','2026-06-24 20:08:40'),(24,36,'ruangan','setum','tidak_ada','TESTING 24-6-2026 AZAM 8.7 WIB','ttd_keluar_36_1782306570_6a3bd70abe41d.png','2026-06-24 20:09:30'),(25,39,'admin','kasi_tuud','kasi_tuud','TEST  25-6-2026','ttd_keluar_39_1782323869_6a3c1a9d68fb7.png','2026-06-25 00:57:49'),(26,39,'kasi_tuud','setum','tidak_ada','TEST 1.00 WIB','ttd_keluar_39_1782324025_6a3c1b392a405.png','2026-06-25 01:00:25'),(27,38,'admin','kasi_tuud','kasi_tuud','TEST 1.00 WIB','ttd_keluar_38_1782324100_6a3c1b846b68d.png','2026-06-25 01:01:40');
/*!40000 ALTER TABLE `log_disposisi_keluar` ENABLE KEYS */;
UNLOCK TABLES;

--
-- Table structure for table `log_ttd_surat`
--

DROP TABLE IF EXISTS `log_ttd_surat`;
/*!40101 SET @saved_cs_client     = @@character_set_client */;
/*!50503 SET character_set_client = utf8mb4 */;
CREATE TABLE `log_ttd_surat` (
  `id_log` int NOT NULL AUTO_INCREMENT,
  `id_surat` int DEFAULT NULL,
  `user_ttd` varchar(100) CHARACTER SET utf8mb4 COLLATE utf8mb4_general_ci DEFAULT NULL,
  `tanggal` datetime DEFAULT NULL,
  `ip_address` varchar(50) CHARACTER SET utf8mb4 COLLATE utf8mb4_general_ci DEFAULT NULL,
  PRIMARY KEY (`id_log`)
) ENGINE=InnoDB DEFAULT CHARSET=utf8mb4 COLLATE=utf8mb4_general_ci;
/*!40101 SET character_set_client = @saved_cs_client */;

--
-- Dumping data for table `log_ttd_surat`
--

LOCK TABLES `log_ttd_surat` WRITE;
/*!40000 ALTER TABLE `log_ttd_surat` DISABLE KEYS */;
/*!40000 ALTER TABLE `log_ttd_surat` ENABLE KEYS */;
UNLOCK TABLES;

--
-- Table structure for table `log_verifikasi_qr`
--

DROP TABLE IF EXISTS `log_verifikasi_qr`;
/*!40101 SET @saved_cs_client     = @@character_set_client */;
/*!50503 SET character_set_client = utf8mb4 */;
CREATE TABLE `log_verifikasi_qr` (
  `id_log` int NOT NULL AUTO_INCREMENT,
  `id_surat` int DEFAULT NULL,
  `ip_address` varchar(50) CHARACTER SET utf8mb4 COLLATE utf8mb4_general_ci DEFAULT NULL,
  `tanggal_scan` datetime DEFAULT NULL,
  PRIMARY KEY (`id_log`)
) ENGINE=InnoDB DEFAULT CHARSET=utf8mb4 COLLATE=utf8mb4_general_ci;
/*!40101 SET character_set_client = @saved_cs_client */;

--
-- Dumping data for table `log_verifikasi_qr`
--

LOCK TABLES `log_verifikasi_qr` WRITE;
/*!40000 ALTER TABLE `log_verifikasi_qr` DISABLE KEYS */;
/*!40000 ALTER TABLE `log_verifikasi_qr` ENABLE KEYS */;
UNLOCK TABLES;

--
-- Table structure for table `master_pejabat`
--

DROP TABLE IF EXISTS `master_pejabat`;
/*!40101 SET @saved_cs_client     = @@character_set_client */;
/*!50503 SET character_set_client = utf8mb4 */;
CREATE TABLE `master_pejabat` (
  `id_pejabat` int NOT NULL AUTO_INCREMENT,
  `nama_jabatan` varchar(100) CHARACTER SET utf8mb4 COLLATE utf8mb4_general_ci NOT NULL,
  PRIMARY KEY (`id_pejabat`)
) ENGINE=InnoDB AUTO_INCREMENT=6 DEFAULT CHARSET=utf8mb4 COLLATE=utf8mb4_general_ci;
/*!40101 SET character_set_client = @saved_cs_client */;

--
-- Dumping data for table `master_pejabat`
--

LOCK TABLES `master_pejabat` WRITE;
/*!40000 ALTER TABLE `master_pejabat` DISABLE KEYS */;
INSERT INTO `master_pejabat` VALUES (1,'Kakesdam Jaya'),(2,'Waka kesdam Jaya'),(3,'Dandenkeslap'),(4,'Ka Setuud'),(5,'Kasi Tuud');
/*!40000 ALTER TABLE `master_pejabat` ENABLE KEYS */;
UNLOCK TABLES;

--
-- Table structure for table `master_role`
--

DROP TABLE IF EXISTS `master_role`;
/*!40101 SET @saved_cs_client     = @@character_set_client */;
/*!50503 SET character_set_client = utf8mb4 */;
CREATE TABLE `master_role` (
  `id_role` int NOT NULL AUTO_INCREMENT,
  `nama_role` varchar(100) CHARACTER SET utf8mb4 COLLATE utf8mb4_general_ci NOT NULL,
  `role_key` varchar(50) CHARACTER SET utf8mb4 COLLATE utf8mb4_general_ci NOT NULL,
  `tipe_akses` enum('ruangan','pimpinan','admin') CHARACTER SET utf8mb4 COLLATE utf8mb4_general_ci NOT NULL,
  `level_hirarki` int DEFAULT '0',
  PRIMARY KEY (`id_role`),
  UNIQUE KEY `role_key` (`role_key`)
) ENGINE=InnoDB AUTO_INCREMENT=47 DEFAULT CHARSET=utf8mb4 COLLATE=utf8mb4_general_ci;
/*!40101 SET character_set_client = @saved_cs_client */;

--
-- Dumping data for table `master_role`
--

LOCK TABLES `master_role` WRITE;
/*!40000 ALTER TABLE `master_role` DISABLE KEYS */;
INSERT INTO `master_role` VALUES (1,'Admin / Setum','admin','admin',0),(2,'Kasi Tuud','kasi_tuud','admin',0),(3,'Kakesdam Jaya','kakesdam_jaya','admin',0),(7,'Spri Pimpinan (Gabungan)','spri_pimpinan','admin',0),(8,'Dandenkeslap','dandenkeslap','ruangan',0),(9,'Ka Primkop Hesti Jaya','ka_primkop','ruangan',0),(10,'Kasi Yankes','kasi_yankes','ruangan',0),(11,'Kasi Minlogkes','kasi_minlogkes','ruangan',0),(12,'Kasi Was','kasi_was','ruangan',0),(13,'Kasi Kesprev','kasi_kesprev','ruangan',0),(14,'Kasi Dukkes','kasi_dukkes','ruangan',0),(15,'Kasi Renproggar','kasi_renproggar','ruangan',0),(16,'Kaur Infokes','kaur_infokes','ruangan',0),(17,'Kagudkesrah','kagudkesrah','ruangan',0),(18,'Paku Kesdam','paku_kesdam','ruangan',0),(19,'Persit KCK Ranting 5','persit','ruangan',0),(20,'Korpri Kesdam Jaya','korpri','ruangan',0),(21,'Pers Tuud','pers_tuud','ruangan',0),(22,'Kasi Matkes','kasi_matkes','ruangan',0),(23,'Ka SMK Kesdam Jaya','ka_smk_kesdam','ruangan',0),(24,'Kaur Pers','kaur_pers','ruangan',0),(25,'Kaur Log','kaur_log','ruangan',0),(26,'Kaurdal','kaurdal','ruangan',0),(27,'Kaurpam','kaurpam','ruangan',0),(28,'Juyar','juyar','ruangan',0),(29,'Kasi Kesmil','kasi_kesmil','ruangan',0),(30,'Operator Paku Kesdam','operator_paku_kesdam','ruangan',0),(31,'Operator SMK Kesdam Jaya','operator_smk_kesdam','ruangan',0),(32,'Operator Kaur Infokes','operator_kaur_infokes','ruangan',0),(33,'Operator Kaur Log','operator_kaur_log','ruangan',0),(34,'Operator Juyar','operator_juyar','ruangan',0),(35,'Operator Persit','operator_persit','ruangan',0),(36,'Operator Kaur Pam','operator_kaur_pam','ruangan',0),(37,'Operator Kaurdal','operator_kaurdal','ruangan',0),(38,'Operator Korpri Kesdam','operator_korpri','ruangan',0),(39,'Operator Kaur Pers','operator_kaur_pers','ruangan',0),(40,'Operator Perstuud','operator_pers_tuud','ruangan',0),(41,'Wakakesdam Jaya','wakakesdam_jaya','admin',0),(42,'Jajaran Kesdam Jaya','jajaran','ruangan',0),(43,'Satuan Lain / Luar','satuan_lain','ruangan',0);
/*!40000 ALTER TABLE `master_role` ENABLE KEYS */;
UNLOCK TABLES;

--
-- Table structure for table `notifikasi`
--

DROP TABLE IF EXISTS `notifikasi`;
/*!40101 SET @saved_cs_client     = @@character_set_client */;
/*!50503 SET character_set_client = utf8mb4 */;
CREATE TABLE `notifikasi` (
  `id_notif` int NOT NULL AUTO_INCREMENT,
  `id_surat` int DEFAULT NULL,
  `untuk_role` varchar(100) CHARACTER SET utf8mb4 COLLATE utf8mb4_general_ci DEFAULT NULL,
  `dari_role` varchar(100) CHARACTER SET utf8mb4 COLLATE utf8mb4_general_ci DEFAULT NULL,
  `pesan` text CHARACTER SET utf8mb4 COLLATE utf8mb4_general_ci,
  `link` varchar(255) CHARACTER SET utf8mb4 COLLATE utf8mb4_general_ci DEFAULT NULL,
  `status_baca` enum('belum','sudah') CHARACTER SET utf8mb4 COLLATE utf8mb4_general_ci DEFAULT 'belum',
  `tanggal` datetime DEFAULT CURRENT_TIMESTAMP,
  PRIMARY KEY (`id_notif`)
) ENGINE=InnoDB AUTO_INCREMENT=68 DEFAULT CHARSET=utf8mb4 COLLATE=utf8mb4_general_ci;
/*!40101 SET character_set_client = @saved_cs_client */;

--
-- Dumping data for table `notifikasi`
--

LOCK TABLES `notifikasi` WRITE;
/*!40000 ALTER TABLE `notifikasi` DISABLE KEYS */;
INSERT INTO `notifikasi` VALUES (1,26,'setum','kasi minlogkes','Surat Keluar Baru dari Kasi Minlogkes Perihal: TEST 22-6-2026','transaksi/kelola_surat_keluar.php','belum','2026-06-22 01:12:58'),(13,64,'kasi_matkes','admin','Disposisi Masuk Baru! No. Agenda: AG/SETUM/2026/0002 - Perihal: TESTING22-6-2026 AZAM','dashboard.php','sudah','2026-06-22 18:41:21'),(14,64,'kasi_matkes','admin','[TEMBUSAN] Disposisi Masuk Baru! No. Agenda: AG/SETUM/2026/0002 - Perihal: TESTING22-6-2026 AZAM','dashboard.php','sudah','2026-06-22 18:53:35'),(15,63,'kasi_matkes','admin','Disposisi Masuk Baru! No. Agenda: - - Perihal: TEST NOTIFIKASI','dashboard.php','sudah','2026-06-22 19:05:07'),(16,63,'kasi_matkes','admin','[TEMBUSAN] Disposisi Masuk Baru! No. Agenda: - - Perihal: TEST NOTIFIKASI','dashboard.php','sudah','2026-06-22 19:05:07'),(17,63,'kasi_matkes','admin','Disposisi Masuk Baru! No. Agenda: - - Perihal: TEST NOTIFIKASI','dashboard.php','sudah','2026-06-22 19:05:38'),(18,63,'kasi_matkes','admin','[TEMBUSAN] Disposisi Masuk Baru! No. Agenda: - - Perihal: TEST NOTIFIKASI','dashboard.php','sudah','2026-06-22 19:05:38'),(19,63,'kasi_matkes','admin','Disposisi Masuk Baru! No. Agenda: - - Perihal: TEST NOTIFIKASI','dashboard.php','sudah','2026-06-22 19:05:42'),(20,63,'kasi_matkes','admin','[TEMBUSAN] Disposisi Masuk Baru! No. Agenda: - - Perihal: TEST NOTIFIKASI','dashboard.php','sudah','2026-06-22 19:05:42'),(21,63,'kasi_matkes','admin','Disposisi Masuk Baru! No. Agenda: - - Perihal: TEST NOTIFIKASI','dashboard.php','sudah','2026-06-22 19:07:06'),(22,63,'kasi_matkes','admin','[TEMBUSAN] Disposisi Masuk Baru! No. Agenda: - - Perihal: TEST NOTIFIKASI','dashboard.php','sudah','2026-06-22 19:07:06'),(27,65,'dandenkeslap','admin','Disposisi Masuk Baru! No. Agenda: AG/SETUM/2026/0003 - Perihal: TESTING 20-6-2026 AZAM','dashboard.php','belum','2026-06-24 04:31:46'),(28,65,'dandenkeslap','admin','[TEMBUSAN] Disposisi Masuk Baru! No. Agenda: AG/SETUM/2026/0003 - Perihal: TESTING 20-6-2026 AZAM','dashboard.php','belum','2026-06-24 04:31:46'),(29,NULL,'setum',NULL,'Disposisi Masuk Baru! No. Agenda: AG/SETUM/2026/0003 - Perihal: TESTING 20-6-2026 AZAM','dashboard.php','belum','2026-06-24 05:39:26'),(30,NULL,'setum',NULL,'Disposisi Masuk Baru! No. Agenda: AG/SETUM/2026/0003 - Perihal: TESTING 20-6-2026 AZAM','dashboard.php','belum','2026-06-24 05:42:28'),(31,NULL,'dandenkeslap',NULL,'Disposisi Masuk Baru! No. Agenda: AG/SETUM/2026/0004 - Perihal: RIDWAN TESTING 24-6-2026 AZAM 4.55 WIB','dashboard.php','belum','2026-06-24 05:53:48'),(32,NULL,'dandenkeslap',NULL,'[TEMBUSAN] Disposisi Masuk Baru! No. Agenda: AG/SETUM/2026/0004 - Perihal: RIDWAN TESTING 24-6-2026 AZAM 4.55 WIB','dashboard.php','belum','2026-06-24 05:53:48'),(33,NULL,'dandenkeslap',NULL,'Disposisi Masuk Baru! No. Agenda: AG/SETUM/2026/0004 - Perihal: RIDWAN TESTING 24-6-2026 AZAM 4.55 WIB','dashboard.php','belum','2026-06-24 06:14:25'),(34,NULL,'dandenkeslap',NULL,'[TEMBUSAN] Disposisi Masuk Baru! No. Agenda: AG/SETUM/2026/0004 - Perihal: RIDWAN TESTING 24-6-2026 AZAM 4.55 WIB','dashboard.php','belum','2026-06-24 06:14:25'),(38,34,'setum','dandenkeslap','Surat Keluar Baru dari Dandenkeslap Perihal: PERS AZAM TEST 24-6-2026 8.54','transaksi/kelola_surat_keluar.php','belum','2026-06-24 08:54:52'),(39,34,'wakakesdam','admin','Ada disposisi surat keluar baru mengenai: TEST 26-06-2026 09.00','../transaksi/kelola_surat_keluar.php','belum','2026-06-24 09:00:07'),(40,34,'wakakesdam','admin','Disposisi surat keluar #34 dari: ADMIN','../disposisi/disposisi_surat_keluar.php?id=34','belum','2026-06-24 09:17:09'),(41,14,'wakakesdam','admin','Disposisi surat keluar #14 dari: ADMIN','../disposisi/disposisi_surat_keluar.php?id=14','belum','2026-06-24 09:24:20'),(42,35,'SETUM','Kasi Dukkes','Surat Keluar Baru dari Kasi Dukkes Perihal: DUKKES TEST 24-6-26','transaksi/kelola_surat_keluar.php','belum','2026-06-24 17:12:22'),(43,35,'kasi_dukkes','admin','Disposisi surat #35 dari ADMIN','../disposisi/disposisi_surat_keluar.php?id=35','belum','2026-06-24 17:13:44'),(44,35,'admin','kasi_dukkes','Anda menerima disposisi surat #35 dari ADMIN','../disposisi/disposisi_surat_keluar.php?id=35','belum','2026-06-24 17:13:44'),(45,35,'kasi_dukkes','admin','Disposisi surat keluar #35 dari: ADMIN','../disposisi/disposisi_surat_keluar.php?id=35','belum','2026-06-24 17:13:44'),(46,34,'setum','ruangan','Disposisi surat #34 dari RUANGAN','../disposisi/disposisi_surat_keluar.php?id=34','belum','2026-06-24 18:25:32'),(47,34,'ruangan','setum','Anda menerima disposisi surat #34 dari RUANGAN','../disposisi/disposisi_surat_keluar.php?id=34','belum','2026-06-24 18:25:32'),(48,34,'setum','ruangan','Disposisi surat keluar #34 dari: RUANGAN','../disposisi/disposisi_surat_keluar.php?id=34','belum','2026-06-24 18:25:32'),(49,36,'SETUM','Kasi Minlogkes','Surat Keluar Baru dari Kasi Minlogkes Perihal: TESTING 24-6-2026 AZAM 8.7 WIB','transaksi/kelola_surat_keluar.php','belum','2026-06-24 20:06:44'),(50,36,'kasi_minlogkes','admin','Disposisi surat #36 dari ADMIN','../disposisi/disposisi_surat_keluar.php?id=36','belum','2026-06-24 20:08:40'),(51,36,'admin','kasi_minlogkes','Anda menerima disposisi surat #36 dari ADMIN','../disposisi/disposisi_surat_keluar.php?id=36','belum','2026-06-24 20:08:40'),(52,36,'kasi_minlogkes','admin','Disposisi surat keluar #36 dari: ADMIN','../disposisi/disposisi_surat_keluar.php?id=36','belum','2026-06-24 20:08:40'),(53,36,'setum','ruangan','Disposisi surat #36 dari RUANGAN','../disposisi/disposisi_surat_keluar.php?id=36','belum','2026-06-24 20:09:30'),(54,36,'ruangan','setum','Anda menerima disposisi surat #36 dari RUANGAN','../disposisi/disposisi_surat_keluar.php?id=36','belum','2026-06-24 20:09:30'),(55,36,'setum','ruangan','Disposisi surat keluar #36 dari: RUANGAN','../disposisi/disposisi_surat_keluar.php?id=36','belum','2026-06-24 20:09:30'),(56,37,'SETUM','Kasi TUUD','Surat Keluar Baru dari Kasi TUUD Perihal: KASI TUUD TEST 24-6-2026','transaksi/kelola_surat_keluar.php','belum','2026-06-24 23:55:02'),(57,38,'SETUM','Kasi TUUD','Surat Keluar Baru dari Kasi TUUD Perihal: KASI TUUD TEST 24-6-2026','transaksi/kelola_surat_keluar.php','belum','2026-06-25 00:13:05'),(58,39,'SETUM','Kasi TUUD','Surat Keluar Baru dari Kasi TUUD Perihal: KASI TUUD TEST 24-6-2026 FINISH','transaksi/kelola_surat_keluar.php','belum','2026-06-25 00:26:01'),(59,39,'kasi_tuud','admin','Disposisi surat #39 dari ADMIN','../disposisi/disposisi_surat_keluar.php?id=39','belum','2026-06-25 00:57:49'),(60,39,'admin','kasi_tuud','Anda menerima disposisi surat #39 dari ADMIN','../disposisi/disposisi_surat_keluar.php?id=39','belum','2026-06-25 00:57:49'),(61,39,'kasi_tuud','admin','Disposisi surat keluar #39 dari: ADMIN','../disposisi/disposisi_surat_keluar.php?id=39','belum','2026-06-25 00:57:49'),(62,39,'setum','kasi_tuud','Disposisi surat #39 dari KASI_TUUD','../disposisi/disposisi_surat_keluar.php?id=39','belum','2026-06-25 01:00:25'),(63,39,'kasi_tuud','setum','Anda menerima disposisi surat #39 dari KASI_TUUD','../disposisi/disposisi_surat_keluar.php?id=39','belum','2026-06-25 01:00:25'),(64,39,'setum','kasi_tuud','Disposisi surat keluar #39 dari: KASI TUUD','../disposisi/disposisi_surat_keluar.php?id=39','belum','2026-06-25 01:00:25'),(65,38,'kasi_tuud','admin','Disposisi surat #38 dari ADMIN','../disposisi/disposisi_surat_keluar.php?id=38','belum','2026-06-25 01:01:40'),(66,38,'admin','kasi_tuud','Anda menerima disposisi surat #38 dari ADMIN','../disposisi/disposisi_surat_keluar.php?id=38','belum','2026-06-25 01:01:40'),(67,38,'kasi_tuud','admin','Disposisi surat keluar #38 dari: ADMIN','../disposisi/disposisi_surat_keluar.php?id=38','belum','2026-06-25 01:01:40');
/*!40000 ALTER TABLE `notifikasi` ENABLE KEYS */;
UNLOCK TABLES;

--
-- Table structure for table `pejabat`
--

DROP TABLE IF EXISTS `pejabat`;
/*!40101 SET @saved_cs_client     = @@character_set_client */;
/*!50503 SET character_set_client = utf8mb4 */;
CREATE TABLE `pejabat` (
  `id` int NOT NULL AUTO_INCREMENT,
  `nama_pejabat` varchar(150) CHARACTER SET utf8mb4 COLLATE utf8mb4_general_ci NOT NULL,
  `jabatan` varchar(150) CHARACTER SET utf8mb4 COLLATE utf8mb4_general_ci NOT NULL,
  `email` varchar(150) CHARACTER SET utf8mb4 COLLATE utf8mb4_general_ci DEFAULT NULL,
  `nomor_hp` varchar(20) CHARACTER SET utf8mb4 COLLATE utf8mb4_general_ci DEFAULT NULL,
  `created_at` timestamp NOT NULL DEFAULT CURRENT_TIMESTAMP,
  PRIMARY KEY (`id`)
) ENGINE=InnoDB DEFAULT CHARSET=utf8mb4 COLLATE=utf8mb4_general_ci;
/*!40101 SET character_set_client = @saved_cs_client */;

--
-- Dumping data for table `pejabat`
--

LOCK TABLES `pejabat` WRITE;
/*!40000 ALTER TABLE `pejabat` DISABLE KEYS */;
/*!40000 ALTER TABLE `pejabat` ENABLE KEYS */;
UNLOCK TABLES;

--
-- Table structure for table `riwayat_surat`
--

DROP TABLE IF EXISTS `riwayat_surat`;
/*!40101 SET @saved_cs_client     = @@character_set_client */;
/*!50503 SET character_set_client = utf8mb4 */;
CREATE TABLE `riwayat_surat` (
  `id_riwayat` int NOT NULL AUTO_INCREMENT,
  `id_user` int DEFAULT NULL,
  `id_surat` int DEFAULT NULL,
  `jenis` varchar(50) CHARACTER SET utf8mb4 COLLATE utf8mb4_unicode_ci DEFAULT NULL,
  `status` varchar(50) CHARACTER SET utf8mb4 COLLATE utf8mb4_unicode_ci DEFAULT NULL,
  `created_at` datetime DEFAULT NULL,
  PRIMARY KEY (`id_riwayat`)
) ENGINE=InnoDB AUTO_INCREMENT=38 DEFAULT CHARSET=utf8mb4 COLLATE=utf8mb4_unicode_ci;
/*!40101 SET character_set_client = @saved_cs_client */;

--
-- Dumping data for table `riwayat_surat`
--

LOCK TABLES `riwayat_surat` WRITE;
/*!40000 ALTER TABLE `riwayat_surat` DISABLE KEYS */;
INSERT INTO `riwayat_surat` VALUES (1,91,2,'surat_keluar','terkirim','2026-06-06 06:37:37'),(2,91,3,'surat_keluar','terkirim','2026-06-06 08:24:39'),(3,42,5,'surat_keluar','terkirim','2026-06-06 13:13:56'),(4,91,6,'surat_keluar','terkirim','2026-06-08 23:17:46'),(5,91,7,'surat_keluar','terkirim','2026-06-08 23:19:10'),(6,91,8,'surat_keluar','terkirim','2026-06-08 23:21:25'),(7,91,9,'surat_keluar','terkirim','2026-06-08 23:25:20'),(8,91,10,'surat_keluar','terkirim','2026-06-09 09:17:38'),(9,152,11,'surat_keluar','terkirim','2026-06-16 07:57:51'),(10,152,12,'surat_keluar','terkirim','2026-06-16 09:04:23'),(11,152,13,'surat_keluar','terkirim','2026-06-17 09:33:58'),(12,152,14,'surat_keluar','terkirim','2026-06-18 23:27:57'),(13,1,62,'masuk','Disetujui','2026-06-19 00:47:51'),(14,1,63,'masuk','Diterima','2026-06-19 00:47:51'),(16,213,14,'keluar','Diterima Setum','2026-06-19 07:51:55'),(17,153,15,'surat_keluar','terkirim','2026-06-19 20:56:35'),(18,153,16,'surat_keluar','terkirim','2026-06-19 20:59:34'),(19,153,17,'surat_keluar','terkirim','2026-06-19 21:04:46'),(20,160,18,'surat_keluar','terkirim','2026-06-20 03:03:56'),(21,157,24,'surat_keluar','terkirim','2026-06-21 23:24:45'),(22,157,25,'surat_keluar','terkirim','2026-06-21 23:49:05'),(25,158,27,'surat_keluar','terkirim','2026-06-22 02:33:33'),(26,158,28,'surat_keluar','terkirim','2026-06-22 03:02:08'),(27,155,29,'surat_keluar','terkirim','2026-06-22 04:00:34'),(28,158,30,'surat_keluar','terkirim','2026-06-22 09:28:40'),(29,172,31,'surat_keluar','terkirim','2026-06-24 00:14:50'),(30,171,32,'surat_keluar','terkirim','2026-06-24 00:37:45'),(31,152,33,'surat_keluar','terkirim','2026-06-24 06:39:19'),(32,152,34,'surat_keluar','terkirim','2026-06-24 08:54:52'),(33,154,35,'surat_keluar','terkirim','2026-06-24 17:12:22'),(34,157,36,'surat_keluar','terkirim','2026-06-24 20:06:44'),(35,212,37,'surat_keluar','terkirim','2026-06-24 23:55:02'),(36,212,38,'surat_keluar','terkirim','2026-06-25 00:13:05'),(37,212,39,'surat_keluar','terkirim','2026-06-25 00:26:01');
/*!40000 ALTER TABLE `riwayat_surat` ENABLE KEYS */;
UNLOCK TABLES;

--
-- Table structure for table `riwayat_surat_masuk`
--

DROP TABLE IF EXISTS `riwayat_surat_masuk`;
/*!40101 SET @saved_cs_client     = @@character_set_client */;
/*!50503 SET character_set_client = utf8mb4 */;
CREATE TABLE `riwayat_surat_masuk` (
  `id_riwayat` int NOT NULL AUTO_INCREMENT,
  `id_surat` int NOT NULL,
  `aktivitas` varchar(100) DEFAULT 'Mutasi Berkas',
  `tanggal_log` datetime DEFAULT CURRENT_TIMESTAMP,
  `aktor` varchar(100) NOT NULL,
  `posisi_lama` varchar(100) DEFAULT NULL,
  `posisi_baru` varchar(100) DEFAULT NULL,
  `keterangan` text,
  PRIMARY KEY (`id_riwayat`),
  KEY `id_surat` (`id_surat`),
  CONSTRAINT `riwayat_surat_masuk_ibfk_1` FOREIGN KEY (`id_surat`) REFERENCES `surat_masuk` (`id_surat`) ON DELETE CASCADE
) ENGINE=InnoDB DEFAULT CHARSET=utf8mb4 COLLATE=utf8mb4_0900_ai_ci;
/*!40101 SET character_set_client = @saved_cs_client */;

--
-- Dumping data for table `riwayat_surat_masuk`
--

LOCK TABLES `riwayat_surat_masuk` WRITE;
/*!40000 ALTER TABLE `riwayat_surat_masuk` DISABLE KEYS */;
/*!40000 ALTER TABLE `riwayat_surat_masuk` ENABLE KEYS */;
UNLOCK TABLES;

--
-- Table structure for table `riwayat_ttd`
--

DROP TABLE IF EXISTS `riwayat_ttd`;
/*!40101 SET @saved_cs_client     = @@character_set_client */;
/*!50503 SET character_set_client = utf8mb4 */;
CREATE TABLE `riwayat_ttd` (
  `id` int NOT NULL AUTO_INCREMENT,
  `id_surat` int DEFAULT NULL,
  `user_email` varchar(100) COLLATE utf8mb4_unicode_ci DEFAULT NULL,
  `waktu_ttd` datetime DEFAULT NULL,
  PRIMARY KEY (`id`)
) ENGINE=InnoDB DEFAULT CHARSET=utf8mb4 COLLATE=utf8mb4_unicode_ci;
/*!40101 SET character_set_client = @saved_cs_client */;

--
-- Dumping data for table `riwayat_ttd`
--

LOCK TABLES `riwayat_ttd` WRITE;
/*!40000 ALTER TABLE `riwayat_ttd` DISABLE KEYS */;
/*!40000 ALTER TABLE `riwayat_ttd` ENABLE KEYS */;
UNLOCK TABLES;

--
-- Table structure for table `surat`
--

DROP TABLE IF EXISTS `surat`;
/*!40101 SET @saved_cs_client     = @@character_set_client */;
/*!50503 SET character_set_client = utf8mb4 */;
CREATE TABLE `surat` (
  `id` int NOT NULL AUTO_INCREMENT,
  `type` enum('IN','OUT') CHARACTER SET utf8mb4 COLLATE utf8mb4_unicode_ci NOT NULL,
  `id_user` int DEFAULT NULL,
  `sumber_surat` varchar(100) CHARACTER SET utf8mb4 COLLATE utf8mb4_unicode_ci DEFAULT NULL,
  `role_pengirim` varchar(50) CHARACTER SET utf8mb4 COLLATE utf8mb4_unicode_ci DEFAULT NULL,
  `kode` varchar(50) CHARACTER SET utf8mb4 COLLATE utf8mb4_unicode_ci DEFAULT NULL,
  `no_agenda` varchar(100) CHARACTER SET utf8mb4 COLLATE utf8mb4_unicode_ci DEFAULT NULL,
  `no_surat` varchar(100) CHARACTER SET utf8mb4 COLLATE utf8mb4_unicode_ci DEFAULT NULL,
  `asal_surat` varchar(255) CHARACTER SET utf8mb4 COLLATE utf8mb4_unicode_ci DEFAULT NULL,
  `nama_pengirim` varchar(255) CHARACTER SET utf8mb4 COLLATE utf8mb4_unicode_ci DEFAULT NULL,
  `jabatan_pengirim` varchar(255) CHARACTER SET utf8mb4 COLLATE utf8mb4_unicode_ci DEFAULT NULL,
  `no_hp_pengirim` varchar(50) CHARACTER SET utf8mb4 COLLATE utf8mb4_unicode_ci DEFAULT NULL,
  `tanggal_surat` date DEFAULT NULL,
  `tanggal_diterima` datetime DEFAULT NULL,
  `bentuk_surat` varchar(50) CHARACTER SET utf8mb4 COLLATE utf8mb4_unicode_ci DEFAULT NULL,
  `jenis_surat` varchar(100) CHARACTER SET utf8mb4 COLLATE utf8mb4_unicode_ci DEFAULT NULL,
  `klasifikasi_surat` varchar(50) CHARACTER SET utf8mb4 COLLATE utf8mb4_unicode_ci DEFAULT NULL,
  `sifat_surat` varchar(50) CHARACTER SET utf8mb4 COLLATE utf8mb4_unicode_ci DEFAULT NULL,
  `tujuan_utama` varchar(100) CHARACTER SET utf8mb4 COLLATE utf8mb4_unicode_ci DEFAULT NULL,
  `tujuan_disposisi` varchar(100) CHARACTER SET utf8mb4 COLLATE utf8mb4_unicode_ci DEFAULT NULL,
  `tembusan` text CHARACTER SET utf8mb4 COLLATE utf8mb4_unicode_ci,
  `perihal` text CHARACTER SET utf8mb4 COLLATE utf8mb4_unicode_ci,
  `file_surat` varchar(255) CHARACTER SET utf8mb4 COLLATE utf8mb4_unicode_ci DEFAULT NULL,
  `status_dokumen` varchar(50) CHARACTER SET utf8mb4 COLLATE utf8mb4_unicode_ci DEFAULT NULL,
  `status_proses` varchar(50) CHARACTER SET utf8mb4 COLLATE utf8mb4_unicode_ci DEFAULT NULL,
  `current_role` varchar(50) CHARACTER SET utf8mb4 COLLATE utf8mb4_unicode_ci DEFAULT NULL,
  `created_at` timestamp NULL DEFAULT CURRENT_TIMESTAMP,
  PRIMARY KEY (`id`)
) ENGINE=InnoDB DEFAULT CHARSET=utf8mb4 COLLATE=utf8mb4_unicode_ci;
/*!40101 SET character_set_client = @saved_cs_client */;

--
-- Dumping data for table `surat`
--

LOCK TABLES `surat` WRITE;
/*!40000 ALTER TABLE `surat` DISABLE KEYS */;
/*!40000 ALTER TABLE `surat` ENABLE KEYS */;
UNLOCK TABLES;

--
-- Table structure for table `surat_keluar`
--

DROP TABLE IF EXISTS `surat_keluar`;
/*!40101 SET @saved_cs_client     = @@character_set_client */;
/*!50503 SET character_set_client = utf8mb4 */;
CREATE TABLE `surat_keluar` (
  `id_surat` int NOT NULL AUTO_INCREMENT,
  `no_agenda` varchar(50) CHARACTER SET utf8mb4 COLLATE utf8mb4_general_ci DEFAULT NULL,
  `kode_arsip` varchar(50) CHARACTER SET utf8mb4 COLLATE utf8mb4_general_ci DEFAULT NULL,
  `email_penginput` varchar(100) CHARACTER SET utf8mb4 COLLATE utf8mb4_general_ci DEFAULT NULL,
  `asal_satuan` varchar(100) CHARACTER SET utf8mb4 COLLATE utf8mb4_general_ci DEFAULT NULL,
  `nama_pengirim` varchar(100) CHARACTER SET utf8mb4 COLLATE utf8mb4_general_ci DEFAULT NULL,
  `jabatan_pengirim` varchar(100) CHARACTER SET utf8mb4 COLLATE utf8mb4_general_ci DEFAULT NULL,
  `no_hp_pengirim` varchar(20) CHARACTER SET utf8mb4 COLLATE utf8mb4_general_ci DEFAULT NULL,
  `no_surat` varchar(50) CHARACTER SET utf8mb4 COLLATE utf8mb4_general_ci DEFAULT NULL,
  `tanggal_surat` date DEFAULT NULL,
  `tanggal_kirim` date DEFAULT NULL,
  `bentuk_surat` varchar(50) CHARACTER SET utf8mb4 COLLATE utf8mb4_general_ci DEFAULT NULL,
  `jenis_surat` varchar(50) CHARACTER SET utf8mb4 COLLATE utf8mb4_general_ci DEFAULT NULL,
  `klasifikasi_surat` varchar(50) CHARACTER SET utf8mb4 COLLATE utf8mb4_general_ci DEFAULT NULL,
  `sifat_surat` varchar(50) CHARACTER SET utf8mb4 COLLATE utf8mb4_general_ci DEFAULT NULL,
  `kepada` varchar(100) CHARACTER SET utf8mb4 COLLATE utf8mb4_general_ci DEFAULT NULL,
  `perihal` text CHARACTER SET utf8mb4 COLLATE utf8mb4_general_ci,
  `status_tte` enum('Menunggu','Selesai') CHARACTER SET utf8mb4 COLLATE utf8mb4_general_ci DEFAULT 'Menunggu',
  `penandatangan` varchar(100) CHARACTER SET utf8mb4 COLLATE utf8mb4_general_ci DEFAULT 'Kakesdam Jaya',
  `tgl_tte` datetime DEFAULT NULL,
  `tembusan` text CHARACTER SET utf8mb4 COLLATE utf8mb4_general_ci,
  `status_dokumen` varchar(50) CHARACTER SET utf8mb4 COLLATE utf8mb4_general_ci DEFAULT NULL,
  `file_surat` varchar(255) CHARACTER SET utf8mb4 COLLATE utf8mb4_general_ci DEFAULT NULL,
  `keterangan` text CHARACTER SET utf8mb4 COLLATE utf8mb4_general_ci,
  `status_proses` varchar(50) COLLATE utf8mb4_general_ci NOT NULL DEFAULT 'Baru',
  `posisi_surat` varchar(100) COLLATE utf8mb4_general_ci DEFAULT 'Setum',
  `catatan_terakhir` text COLLATE utf8mb4_general_ci,
  `created_at` timestamp NOT NULL DEFAULT CURRENT_TIMESTAMP,
  `updated_at` timestamp NOT NULL DEFAULT CURRENT_TIMESTAMP ON UPDATE CURRENT_TIMESTAMP,
  `status_pengiriman` enum('Draft','Terkirim') CHARACTER SET utf8mb4 COLLATE utf8mb4_general_ci DEFAULT 'Draft',
  `klasifikasi` varchar(50) CHARACTER SET utf8mb4 COLLATE utf8mb4_general_ci DEFAULT NULL,
  `prioritas` varchar(50) CHARACTER SET utf8mb4 COLLATE utf8mb4_general_ci DEFAULT NULL,
  `token_verifikasi` text CHARACTER SET utf8mb4 COLLATE utf8mb4_general_ci,
  `hash_file` text CHARACTER SET utf8mb4 COLLATE utf8mb4_general_ci,
  `created_by` int DEFAULT NULL,
  `derajat_surat` varchar(50) CHARACTER SET utf8mb4 COLLATE utf8mb4_general_ci DEFAULT NULL,
  `tujuan_disposisi` varchar(100) CHARACTER SET utf8mb4 COLLATE utf8mb4_general_ci NOT NULL DEFAULT 'SETUM',
  `status_verifikasi` varchar(50) CHARACTER SET utf8mb4 COLLATE utf8mb4_general_ci DEFAULT 'pending',
  `disposisi_utama` varchar(100) CHARACTER SET utf8mb4 COLLATE utf8mb4_general_ci DEFAULT NULL,
  `tujuan_utama` varchar(100) CHARACTER SET utf8mb4 COLLATE utf8mb4_general_ci DEFAULT NULL,
  `status_surat` varchar(50) CHARACTER SET utf8mb4 COLLATE utf8mb4_general_ci DEFAULT 'pending',
  `current_role` varchar(50) COLLATE utf8mb4_general_ci DEFAULT NULL,
  `last_sender` varchar(50) COLLATE utf8mb4_general_ci DEFAULT NULL,
  `tanggal_input` date NOT NULL DEFAULT (curdate()),
  PRIMARY KEY (`id_surat`),
  KEY `asal_satuan` (`asal_satuan`),
  KEY `status_proses` (`status_proses`),
  KEY `idx_created_at` (`created_at`),
  KEY `idx_created_at_status` (`created_at`,`status_pengiriman`)
) ENGINE=InnoDB AUTO_INCREMENT=40 DEFAULT CHARSET=utf8mb4 COLLATE=utf8mb4_general_ci;
/*!40101 SET character_set_client = @saved_cs_client */;

--
-- Dumping data for table `surat_keluar`
--

LOCK TABLES `surat_keluar` WRITE;
/*!40000 ALTER TABLE `surat_keluar` DISABLE KEYS */;
INSERT INTO `surat_keluar` VALUES (10,'SK/0010/2026/06','TESTING 9-6-2026 AZAM new',NULL,'Dandenkeslap',NULL,NULL,NULL,NULL,NULL,NULL,'Aplikasi','Biasa',NULL,NULL,'Kakesdam Jaya','TESTING 9-6-2026 AZAM new','Menunggu','Kakesdam Jaya',NULL,'1. TESTING 9-6-2026 AZAM new\r\n2. \r\n3. ','Asli','SRT_OUT_20260609_091738_CONTOH_SPRIN_TTD_KAKESDAM.pdf','TESTING 9-6-2026 AZAM new','Selesai','Setum',NULL,'2026-06-09 09:17:38','2026-06-09 09:17:38','Terkirim','Biasa',NULL,NULL,NULL,91,'Kilat','SETUM','pending',NULL,NULL,'pending',NULL,NULL,'2026-06-21'),(14,'SK/0014/2026/06','TEST AHIR 18-6-2026',NULL,'Dandenkeslap',NULL,NULL,NULL,NULL,NULL,NULL,'Aplikasi','Biasa','Biasa',NULL,NULL,'TEST AHIR 18-6-2026','Menunggu','Kakesdam Jaya',NULL,'1. Wakakesdam jaya \r\n2. \r\n3.','Asli','SRT_OUT_20260618_162757_CONTOH_SPRIN_TTD_KAKESDAM.pdf','TEST AHIR 18-6-2026','diproses','wakakesdam_jaya','TEST','2026-06-18 16:27:57','2026-06-24 02:24:20','Terkirim',NULL,NULL,NULL,NULL,152,'Kilat','setum','pending',NULL,'Kakesdam jaya','Proses',NULL,NULL,'2026-06-21'),(34,'SK/0034/2026/06','PERS AZAM TEST 24-6-2026 8.54',NULL,'Dandenkeslap',NULL,NULL,NULL,NULL,NULL,NULL,'Aplikasi','Biasa','Biasa',NULL,NULL,'PERS AZAM TEST 24-6-2026 8.54','Menunggu','Kakesdam Jaya',NULL,'1. Waka\r\n2. \r\n3. ','Asli','SRT_OUT_20260624_085452AM_CONTOH_SPRIN_TTD_WAKAKESDAM.pdf','PERS AZAM TEST 24-6-2026 8.54','diproses','setum','TEST','2026-06-24 01:54:52','2026-06-24 11:25:32','Terkirim',NULL,NULL,NULL,NULL,152,'Biasa','SETUM','pending',NULL,'Kakesdam jaya','pending',NULL,NULL,'2026-06-24'),(35,'SK/0035/2026/06','DUKKES TEST 24-6-26',NULL,'Kasi Dukkes',NULL,NULL,NULL,NULL,NULL,NULL,'Aplikasi','Biasa','Biasa',NULL,NULL,'DUKKES TEST 24-6-26','Menunggu','Kakesdam Jaya',NULL,'1. wakakesdam jaya\r\n2. \r\n3. ','Asli','SRT_OUT_20260624_171222PM_CONTOH_SPRIN_TTD_KAKESDAM.pdf','DUKKES TEST 24-6-26','diproses','kasi_dukkes','DUKKES TEST 24-6-26','2026-06-24 10:12:22','2026-06-24 10:13:44','Terkirim',NULL,NULL,NULL,NULL,154,'Biasa','SETUM','pending',NULL,'Kakesdam jaya','pending',NULL,NULL,'2026-06-24'),(36,'SK/0036/2026/06','TESTING 24-6-2026 AZAM 8.7 WIB',NULL,'Kasi Minlogkes',NULL,NULL,NULL,NULL,NULL,NULL,'Fisik','Biasa','Biasa',NULL,NULL,'TESTING 24-6-2026 AZAM 8.7 WIB','Menunggu','Kakesdam Jaya',NULL,'1.waka\r\n2. \r\n3. ','Asli','SRT_OUT_20260624_200644PM_CONTOH_SPRIN_TTD_KAKESDAM.pdf','TESTING 24-6-2026 AZAM 8.7 WIB','diproses','setum','TESTING 24-6-2026 AZAM 8.7 WIB','2026-06-24 13:06:44','2026-06-24 13:09:30','Terkirim',NULL,NULL,NULL,NULL,157,'Biasa','SETUM','pending',NULL,'Kakesdam jaya','pending',NULL,NULL,'2026-06-24'),(37,'SK/0037/2026/06','KASI TUUD TEST 24-6-2026',NULL,'Kasi TUUD',NULL,NULL,NULL,NULL,NULL,NULL,'Aplikasi','Biasa','Biasa',NULL,NULL,'KASI TUUD TEST 24-6-2026','Menunggu','Kakesdam Jaya',NULL,'1. wakakesda\r\n2. \r\n3. ','Asli','SRT_OUT_20260624_235502PM_CONTOH_SPRIN_TTD_KAKESDAM.pdf','KASI TUUD TEST 24-6-2026','Baru','Setum',NULL,'2026-06-24 16:55:02','2026-06-24 16:55:02','Terkirim',NULL,NULL,NULL,NULL,212,'Biasa','SETUM','pending',NULL,'Kakesdam jaya','pending',NULL,NULL,'2026-06-24'),(38,'SK/0038/2026/06','KASI TUUD TEST 24-6-2026',NULL,'Kasi TUUD',NULL,NULL,NULL,NULL,NULL,NULL,'Aplikasi','Biasa','Biasa',NULL,NULL,'KASI TUUD TEST 24-6-2026','Menunggu','Kakesdam Jaya',NULL,'1. waka kesdam jaya\r\n2. \r\n3. ','Asli','SRT_OUT_20260625_001305AM_CONTOH_SPRIN_TTD_KAKESDAM.pdf','KASI TUUD TEST 24-6-2026','diproses','kasi_tuud','TEST 1.00 WIB','2026-06-24 17:13:05','2026-06-24 18:01:40','Terkirim',NULL,NULL,NULL,NULL,212,'Biasa','SETUM','pending',NULL,'Kakesdam jaya','pending',NULL,NULL,'2026-06-25'),(39,'SK/0039/2026/06','KASI TUUD TEST 24-6-2026 FINISH',NULL,'Kasi TUUD',NULL,NULL,NULL,NULL,NULL,NULL,'Fisik','Biasa','Biasa',NULL,NULL,'KASI TUUD TEST 24-6-2026 FINISH','Menunggu','Kakesdam Jaya',NULL,'1. wakakesdam jaya\r\n2. \r\n3. ','Asli','SRT_OUT_20260625_002601AM_CONTOH_SPRIN_TTD_KAKESDAM.pdf','[25-06-2026 02:02] - *Verifikator (superadmin)* mengubah status menjadi: **Di terima**\n-------------------\n[25-06-2026 00:53] - *Verifikator (kasi_tuud)* mengubah status menjadi: **Di terima**\n-------------------\nKASI TUUD TEST 24-6-2026 FINISH','Di terima','setum','TEST 1.00 WIB','2026-06-24 17:26:01','2026-06-24 19:02:36','Terkirim',NULL,NULL,NULL,NULL,212,'Biasa','SETUM','pending',NULL,'Kakesdam jaya','pending',NULL,NULL,'2026-06-25');
/*!40000 ALTER TABLE `surat_keluar` ENABLE KEYS */;
UNLOCK TABLES;

--
-- Table structure for table `surat_masuk`
--

DROP TABLE IF EXISTS `surat_masuk`;
/*!40101 SET @saved_cs_client     = @@character_set_client */;
/*!50503 SET character_set_client = utf8mb4 */;
CREATE TABLE `surat_masuk` (
  `id_surat` int NOT NULL AUTO_INCREMENT,
  `created_by` int NOT NULL,
  `kode` varchar(50) CHARACTER SET utf8mb4 COLLATE utf8mb4_general_ci DEFAULT NULL,
  `no_agenda` varchar(100) CHARACTER SET utf8mb4 COLLATE utf8mb4_general_ci DEFAULT NULL,
  `asal_surat` varchar(150) CHARACTER SET utf8mb4 COLLATE utf8mb4_general_ci NOT NULL,
  `tanggal_input` date DEFAULT NULL,
  `nama_pengirim` varchar(100) COLLATE utf8mb4_general_ci DEFAULT NULL,
  `jabatan_pengirim` varchar(100) COLLATE utf8mb4_general_ci DEFAULT NULL,
  `no_hp_pengirim` varchar(20) COLLATE utf8mb4_general_ci DEFAULT NULL,
  `no_surat` varchar(100) CHARACTER SET utf8mb4 COLLATE utf8mb4_general_ci NOT NULL,
  `tanggal_surat` date NOT NULL,
  `tanggal_kirim` date DEFAULT NULL,
  `bentuk_surat` enum('Aplikasi','Email','Whatsapp','Telegram','Fisik') CHARACTER SET utf8mb4 COLLATE utf8mb4_general_ci NOT NULL,
  `klasifikasi_surat` varchar(50) CHARACTER SET utf8mb4 COLLATE utf8mb4_general_ci NOT NULL,
  `sifat_surat` varchar(50) CHARACTER SET utf8mb4 COLLATE utf8mb4_general_ci NOT NULL,
  `kepada` varchar(255) COLLATE utf8mb4_general_ci DEFAULT NULL,
  `status_baca` varchar(20) CHARACTER SET utf8mb4 COLLATE utf8mb4_general_ci NOT NULL DEFAULT 'belum',
  `tembusan` text CHARACTER SET utf8mb4 COLLATE utf8mb4_general_ci,
  `perihal` text CHARACTER SET utf8mb4 COLLATE utf8mb4_general_ci NOT NULL,
  `status_dokumen` enum('Asli','Tembusan') CHARACTER SET utf8mb4 COLLATE utf8mb4_general_ci NOT NULL,
  `file_surat` varchar(255) CHARACTER SET utf8mb4 COLLATE utf8mb4_general_ci NOT NULL,
  `keterangan` text CHARACTER SET utf8mb4 COLLATE utf8mb4_general_ci,
  `status_proses` varchar(50) COLLATE utf8mb4_general_ci NOT NULL DEFAULT 'Baru',
  `status_ttd` varchar(50) COLLATE utf8mb4_general_ci DEFAULT 'Belum TTD',
  `tujuan_pimpinan` enum('kakesdam','wakakesdam') CHARACTER SET utf8mb4 COLLATE utf8mb4_general_ci DEFAULT NULL,
  `tembusan_pimpinan` text CHARACTER SET utf8mb4 COLLATE utf8mb4_general_ci,
  `catatan_spri` text CHARACTER SET utf8mb4 COLLATE utf8mb4_general_ci,
  `ttd_spri_image` text CHARACTER SET utf8mb4 COLLATE utf8mb4_general_ci,
  `notif_pimpinan_status` int DEFAULT '0',
  `notif_spri_status` int DEFAULT '0',
  `tujuan_disposisi` varchar(100) CHARACTER SET utf8mb4 COLLATE utf8mb4_general_ci DEFAULT NULL,
  `tujuan_utama` varchar(100) CHARACTER SET utf8mb4 COLLATE utf8mb4_general_ci DEFAULT NULL,
  `catatan_disposisi` text CHARACTER SET utf8mb4 COLLATE utf8mb4_general_ci,
  `tanggal_disposisi` datetime DEFAULT NULL,
  `tanggal_diterima` datetime DEFAULT CURRENT_TIMESTAMP,
  `tahap_disposisi` int DEFAULT '1',
  `jenis_surat` varchar(100) CHARACTER SET utf8mb4 COLLATE utf8mb4_general_ci DEFAULT NULL,
  `sumber_surat` enum('Internal','Ruangan','Jajaran','Satuan Lain','Setum') COLLATE utf8mb4_general_ci NOT NULL,
  `role_pengirim` varchar(20) CHARACTER SET utf8mb4 COLLATE utf8mb4_general_ci DEFAULT 'internal',
  `verified_by` varchar(100) CHARACTER SET utf8mb4 COLLATE utf8mb4_general_ci DEFAULT NULL,
  `tanggal_verifikasi` datetime DEFAULT NULL,
  `created_at` timestamp NOT NULL DEFAULT CURRENT_TIMESTAMP,
  `surat_ttd` varchar(255) CHARACTER SET utf8mb4 COLLATE utf8mb4_general_ci DEFAULT NULL,
  `tanggal_ttd` datetime DEFAULT NULL,
  `ditandatangani_oleh` int DEFAULT NULL,
  `ttd_kakesdam` varchar(255) CHARACTER SET utf8mb4 COLLATE utf8mb4_general_ci DEFAULT NULL,
  `ttd_wakakesdam` varchar(255) CHARACTER SET utf8mb4 COLLATE utf8mb4_general_ci DEFAULT NULL,
  `kode_verifikasi` varchar(50) CHARACTER SET utf8mb4 COLLATE utf8mb4_general_ci DEFAULT NULL,
  `file_surat_ttd` varchar(255) CHARACTER SET utf8mb4 COLLATE utf8mb4_general_ci DEFAULT NULL,
  `ttd_oleh` varchar(100) CHARACTER SET utf8mb4 COLLATE utf8mb4_general_ci DEFAULT NULL,
  `tgl_ttd` datetime DEFAULT NULL,
  `hidden_wakakesdam` tinyint(1) DEFAULT '0',
  `hidden_kakesdam_jaya` tinyint(1) NOT NULL DEFAULT '0',
  `hidden_wakakesdam_jaya` tinyint(1) NOT NULL DEFAULT '0',
  `hidden_spri_pimpinan` tinyint(1) DEFAULT '0',
  `current_role` varchar(100) CHARACTER SET utf8mb4 COLLATE utf8mb4_general_ci DEFAULT NULL,
  `last_sender` varchar(100) CHARACTER SET utf8mb4 COLLATE utf8mb4_general_ci DEFAULT NULL,
  `status_verifikasi` varchar(20) CHARACTER SET utf8mb4 COLLATE utf8mb4_general_ci DEFAULT 'belum',
  `diverifikasi_oleh` varchar(150) CHARACTER SET utf8mb4 COLLATE utf8mb4_general_ci DEFAULT NULL,
  `hidden_setum` tinyint(1) DEFAULT '1',
  `posisi_terakhir` varchar(100) COLLATE utf8mb4_general_ci DEFAULT NULL,
  PRIMARY KEY (`id_surat`),
  KEY `idx_status_proses` (`status_proses`),
  KEY `status_proses` (`status_proses`),
  KEY `tanggal_diterima` (`tanggal_diterima`),
  KEY `idx_tanggal` (`tanggal_diterima`),
  KEY `idx_status` (`status_proses`)
) ENGINE=InnoDB AUTO_INCREMENT=67 DEFAULT CHARSET=utf8mb4 COLLATE=utf8mb4_general_ci;
/*!40101 SET character_set_client = @saved_cs_client */;

--
-- Dumping data for table `surat_masuk`
--

LOCK TABLES `surat_masuk` WRITE;
/*!40000 ALTER TABLE `surat_masuk` DISABLE KEYS */;
INSERT INTO `surat_masuk` VALUES (63,0,NULL,NULL,'TEST REALTIME',NULL,'','','','001/TEST','2026-05-25',NULL,'Aplikasi','','','','belum',NULL,'TEST NOTIFIKASI','Asli','',NULL,'Diterima','Belum TTD',NULL,NULL,NULL,NULL,0,0,NULL,NULL,NULL,NULL,'2026-05-25 21:50:56',1,NULL,'Internal','internal','Kasi Tuud','2026-05-25 18:00:53','2026-06-15 21:20:10',NULL,NULL,NULL,NULL,NULL,NULL,NULL,NULL,NULL,0,0,0,0,'setum',NULL,'belum',NULL,0,NULL),(64,208,'TESTING22-6-2026 AZAM','AG/SETUM/2026/0002','ridwan','2026-06-22',NULL,NULL,NULL,'B/  3354    /RIDWAN22//06/2026','2026-06-22',NULL,'Aplikasi','Terbuka','Biasa',NULL,'belum','1.\r\n2.\r\n3.','TESTING22-6-2026 AZAM','Asli','SM_1782096933_6a38a42531c23.pdf','TESTING22-6-2026 AZAM','Pending','Belum TTD',NULL,NULL,NULL,NULL,0,0,'kasi_tuud','kakesdam_jaya',NULL,NULL,'2026-06-22 00:00:00',1,'Biasa','Setum','setum',NULL,NULL,'2026-06-22 02:55:33',NULL,NULL,NULL,NULL,NULL,NULL,NULL,NULL,NULL,0,0,0,0,'kasituud','SETUM','belum',NULL,1,NULL),(65,208,'TESTING 20-6-2026 AZAM','AG/SETUM/2026/0003','TESTING 20-6-2026 AZAM','2026-06-20',NULL,NULL,NULL,'TESTING 20-6-2026 AZAM','2026-06-22',NULL,'Fisik','Terbuka','Biasa',NULL,'belum','1.wakakesdam jaya\r\n2.\r\n3.','TESTING 20-6-2026 AZAM','Asli','SM_1782134454_6a3936b606281.pdf','TESTING 20-6-2026 AZAM','Proses Disposisi','Belum TTD',NULL,NULL,NULL,NULL,0,0,'kakesdam_jaya','kakesdam_jaya',NULL,NULL,'2026-06-22 00:00:00',1,'Biasa','Setum','setum',NULL,NULL,'2026-06-22 13:20:54',NULL,NULL,NULL,NULL,NULL,NULL,NULL,NULL,NULL,0,0,0,0,'kakesdam_jaya','SETUM','belum',NULL,1,NULL),(66,0,'TESTING 24-6-2026 AZAM 4.55 WIB','AG/SETUM/2026/0004','RIDWAN TESTING 24-6-2026 AZAM 4.55 WIB','2026-06-24',NULL,NULL,NULL,'B/ 00888/RIDWAN/24/06/2026','2026-06-24',NULL,'Fisik','Terbuka','Biasa',NULL,'belum','1.wakakesdam jaya\r\n2.\r\n3.','RIDWAN TESTING 24-6-2026 AZAM 4.55 WIB','Asli','SM_1782251700_6a3b00b40c740.pdf','RIDWAN TESTING 24-6-2026 AZAM 4.55 WIB','Proses Disposisi','Belum TTD',NULL,NULL,NULL,NULL,0,0,'kasi_tuud','kakesdam_jaya',NULL,NULL,'2026-06-24 00:00:00',1,'Biasa','Setum','setum',NULL,NULL,'2026-06-23 21:55:00',NULL,NULL,NULL,NULL,NULL,NULL,NULL,NULL,NULL,0,0,0,0,'kasituud','SETUM','belum',NULL,1,NULL);
/*!40000 ALTER TABLE `surat_masuk` ENABLE KEYS */;
UNLOCK TABLES;

--
-- Table structure for table `surat_masuk_jajaran`
--

DROP TABLE IF EXISTS `surat_masuk_jajaran`;
/*!40101 SET @saved_cs_client     = @@character_set_client */;
/*!50503 SET character_set_client = utf8mb4 */;
CREATE TABLE `surat_masuk_jajaran` (
  `id_surat` int NOT NULL AUTO_INCREMENT,
  `id_user` int NOT NULL,
  `role_pengirim` varchar(50) CHARACTER SET utf8mb4 COLLATE utf8mb4_general_ci DEFAULT NULL,
  `no_surat` varchar(100) CHARACTER SET utf8mb4 COLLATE utf8mb4_general_ci DEFAULT NULL,
  `perihal` text CHARACTER SET utf8mb4 COLLATE utf8mb4_general_ci,
  `jenis_surat` varchar(100) CHARACTER SET utf8mb4 COLLATE utf8mb4_general_ci DEFAULT NULL,
  `klasifikasi_surat` varchar(50) CHARACTER SET utf8mb4 COLLATE utf8mb4_general_ci DEFAULT NULL,
  `sifat_surat` varchar(50) CHARACTER SET utf8mb4 COLLATE utf8mb4_general_ci DEFAULT NULL,
  `kepada` varchar(100) CHARACTER SET utf8mb4 COLLATE utf8mb4_general_ci DEFAULT NULL,
  `tembusan` text CHARACTER SET utf8mb4 COLLATE utf8mb4_general_ci,
  `status_surat` varchar(50) CHARACTER SET utf8mb4 COLLATE utf8mb4_general_ci DEFAULT NULL,
  `keterangan` text CHARACTER SET utf8mb4 COLLATE utf8mb4_general_ci,
  `created_at` timestamp NOT NULL DEFAULT CURRENT_TIMESTAMP,
  PRIMARY KEY (`id_surat`)
) ENGINE=InnoDB DEFAULT CHARSET=utf8mb4 COLLATE=utf8mb4_general_ci;
/*!40101 SET character_set_client = @saved_cs_client */;

--
-- Dumping data for table `surat_masuk_jajaran`
--

LOCK TABLES `surat_masuk_jajaran` WRITE;
/*!40000 ALTER TABLE `surat_masuk_jajaran` DISABLE KEYS */;
/*!40000 ALTER TABLE `surat_masuk_jajaran` ENABLE KEYS */;
UNLOCK TABLES;

--
-- Table structure for table `tembusan_surat_masuk`
--

DROP TABLE IF EXISTS `tembusan_surat_masuk`;
/*!40101 SET @saved_cs_client     = @@character_set_client */;
/*!50503 SET character_set_client = utf8mb4 */;
CREATE TABLE `tembusan_surat_masuk` (
  `id` int NOT NULL AUTO_INCREMENT,
  `id_surat` int NOT NULL,
  `untuk_role` varchar(100) CHARACTER SET utf8mb4 COLLATE utf8mb4_general_ci NOT NULL,
  `dari_role` varchar(100) CHARACTER SET utf8mb4 COLLATE utf8mb4_general_ci NOT NULL,
  `status_baca` varchar(20) CHARACTER SET utf8mb4 COLLATE utf8mb4_general_ci DEFAULT 'belum',
  `tanggal_kirim` datetime DEFAULT CURRENT_TIMESTAMP,
  PRIMARY KEY (`id`)
) ENGINE=InnoDB DEFAULT CHARSET=utf8mb4 COLLATE=utf8mb4_general_ci;
/*!40101 SET character_set_client = @saved_cs_client */;

--
-- Dumping data for table `tembusan_surat_masuk`
--

LOCK TABLES `tembusan_surat_masuk` WRITE;
/*!40000 ALTER TABLE `tembusan_surat_masuk` DISABLE KEYS */;
/*!40000 ALTER TABLE `tembusan_surat_masuk` ENABLE KEYS */;
UNLOCK TABLES;

--
-- Table structure for table `users`
--

DROP TABLE IF EXISTS `users`;
/*!40101 SET @saved_cs_client     = @@character_set_client */;
/*!50503 SET character_set_client = utf8mb4 */;
CREATE TABLE `users` (
  `id` int NOT NULL AUTO_INCREMENT,
  `nama` varchar(100) CHARACTER SET utf8mb4 COLLATE utf8mb4_general_ci NOT NULL,
  `email` varchar(100) CHARACTER SET utf8mb4 COLLATE utf8mb4_general_ci NOT NULL,
  `password` varchar(100) CHARACTER SET utf8mb4 COLLATE utf8mb4_general_ci NOT NULL,
  `jabatan` varchar(100) CHARACTER SET utf8mb4 COLLATE utf8mb4_general_ci NOT NULL,
  `no_hp` varchar(20) CHARACTER SET utf8mb4 COLLATE utf8mb4_general_ci DEFAULT NULL,
  `satuan` varchar(150) CHARACTER SET utf8mb4 COLLATE utf8mb4_general_ci NOT NULL,
  `role` enum('admin','setum','kasi_tuud','kakesdam','wakakesdam','spri','ruangan','jajaran','satuan_lain') COLLATE utf8mb4_general_ci NOT NULL,
  `status` enum('aktif','nonaktif') CHARACTER SET utf8mb4 COLLATE utf8mb4_general_ci DEFAULT 'aktif',
  `id_role` int DEFAULT NULL,
  `created_at` timestamp NOT NULL DEFAULT CURRENT_TIMESTAMP,
  PRIMARY KEY (`id`),
  UNIQUE KEY `email` (`email`)
) ENGINE=InnoDB AUTO_INCREMENT=215 DEFAULT CHARSET=utf8mb4 COLLATE=utf8mb4_general_ci;
/*!40101 SET character_set_client = @saved_cs_client */;

--
-- Dumping data for table `users`
--

LOCK TABLES `users` WRITE;
/*!40000 ALTER TABLE `users` DISABLE KEYS */;
INSERT INTO `users` VALUES (69,'Polkes Rindam Jaya','rindam@gmail.com','rindam123','Polkes','','Jajaran','jajaran','aktif',42,'2026-02-17 13:11:30'),(74,'Spri Kakesdam Jaya','sprikakesdam@gmail.com','sprikakesdam123','Spri Kakesdam',NULL,'Kesdam Jaya','admin','aktif',5,'2026-02-27 19:20:31'),(75,'Spri Waka Kesdam Jaya','spriwakakesdam@gmail.com','spriwakakesdam123','Spri Waka',NULL,'Kesdam Jaya','admin','aktif',6,'2026-02-27 19:20:31'),(80,'Kasi Kesmil','Kesmil@gmail.com','#Kesmil2026','Kasi Kesmil','','Kesdam Jaya','ruangan','aktif',29,'2026-02-17 13:10:54'),(81,'Kasi Keskureh','Keskureh@gmail.com','%Keskureh2026','Kasi Keskureh',NULL,'Kesdam Jaya','ruangan','aktif',29,'2026-05-12 15:57:51'),(110,'Operator Kaur Pers','stafperskesdam@gmail.com','###stafperskesdam123','Operator Kaur Pers','','Kesdam Jaya','ruangan','aktif',39,'2026-05-23 13:54:49'),(111,'Operator Perstuud','stafperstuud@gmail.com','stafperstuud123','Operator Perstuud','','Kesdam Jaya','ruangan','aktif',40,'2026-05-23 13:54:49'),(152,'Dandenkeslap','dandenkeslap2026@gmail.com','@dandenkeslap1234@','Dandenkeslap',NULL,'Kesdam Jaya','ruangan','aktif',8,'2026-06-13 10:10:48'),(153,'Kasi Was','kasiwas@gmail.com','##@#Was123#','Kasi Was',NULL,'Kesdam Jaya','ruangan','aktif',12,'2026-06-13 10:10:48'),(154,'Kasi Dukkes','kasidukkes2026@gmail.com','#@Dukkes2026#','Kasi Dukkes',NULL,'Kesdam Jaya','ruangan','aktif',14,'2026-06-13 10:10:48'),(155,'Kasi Kesprev','kasikesprev2026@gmail.com','#Kesprev2026@#','Kasi Kesprev',NULL,'Kesdam Jaya','ruangan','aktif',13,'2026-06-13 10:10:48'),(156,'Kasi Renproggar','kasirenproggar@gmail.com','$#Renproggar123#','Kasi Renproggar',NULL,'Kesdam Jaya','ruangan','aktif',15,'2026-06-13 10:10:48'),(157,'Kasi Minlogkes','kasiminlogkes2026@gmail.com','##Minlogkes123##','Kasi Minlogkes',NULL,'Kesdam Jaya','ruangan','aktif',11,'2026-06-13 10:10:48'),(158,'Kasi Matkes','kasimatkes2026@gmail.com','%Matkes123%','Kasi Matkes',NULL,'Kesdam Jaya','ruangan','aktif',22,'2026-06-13 10:10:48'),(159,'Kasi Yankes','kasiyankes2026@gmail.com','#Yankes2026#','Kasi Yankes',NULL,'Kesdam Jaya','ruangan','aktif',10,'2026-06-13 10:10:48'),(160,'Kaprimkop','kaprimkop2026@gmail.com','###Primkop123###','Kaprimkop',NULL,'Kesdam Jaya','ruangan','aktif',9,'2026-06-13 10:10:48'),(161,'Kagud Kesrah','kagudkesrah2026@gmail.com','#@Gudkesrah123@#','Kagud Kesrah',NULL,'Kesdam Jaya','ruangan','aktif',17,'2026-06-13 10:10:48'),(162,'Paku Kesdam','pakukesdam2026@gmail.com','pakukesdam2026@#','Paku Kesdam',NULL,'Kesdam Jaya','ruangan','aktif',18,'2026-06-13 10:10:48'),(163,'Ka SMK Kesdam Jaya','smkkesdamjaya@gmail.com','#SMKkesdamjaya','Ka SMK',NULL,'Kesdam Jaya','ruangan','aktif',23,'2026-06-13 10:10:48'),(164,'Kaur Infokes','infokes@gmail.com','$@Infoke123','Kaur Infokes',NULL,'Kesdam Jaya','ruangan','aktif',16,'2026-06-13 10:10:48'),(165,'Kaur Log','logkesdam@gmail.com','#@logkesdam2026','Kaur Log',NULL,'Kesdam Jaya','ruangan','aktif',25,'2026-06-13 10:10:48'),(166,'Juyar','juyarkesdam@gmail.com','#@juyarkesdam','Juyar',NULL,'Kesdam Jaya','ruangan','aktif',28,'2026-06-13 10:10:48'),(167,'Persit','persit@gmail.com','@@Persit123','Persit',NULL,'Kesdam Jaya','ruangan','aktif',19,'2026-06-13 10:10:48'),(168,'Kaur Pam','pamkesdam@gmail.com','Pamkesdam123@#','Kaur Pam',NULL,'Kesdam Jaya','ruangan','aktif',27,'2026-06-13 10:10:48'),(169,'Kaurdal','urdalkesdam@gmail.com','#urdalkesdam2026','Kaurdal',NULL,'Kesdam Jaya','ruangan','aktif',26,'2026-06-13 10:10:48'),(170,'Korpri Kesdam Jaya','korpri@gmail.com','#Korpri12345','Korpri',NULL,'Kesdam Jaya','ruangan','aktif',20,'2026-06-13 10:10:48'),(171,'Kaur Pers','perskesdam@gmail.com','###perskesdam123','Kaur Pers',NULL,'Kesdam Jaya','ruangan','aktif',24,'2026-06-13 10:10:48'),(172,'Perstuud','perstuud@gmail.com','perstuud123','Perstuud',NULL,'Kesdam Jaya','ruangan','aktif',21,'2026-06-13 10:10:48'),(173,'Operator Dandenkeslap','denkeslap2026@gmail.com','@Denkeslap1234','Operator Dandenkeslap',NULL,'Kesdam Jaya','ruangan','aktif',8,'2026-06-13 10:11:20'),(174,'Operator Kasi Was','was@gmail.com','#@#Was123','Operator Kasi Was',NULL,'Kesdam Jaya','ruangan','aktif',12,'2026-06-13 10:11:20'),(175,'Operator Kasi Dukkes','Dukkes2026@gmail.com','#Dukkes2026','Operator Kasi Dukkes',NULL,'Kesdam Jaya','ruangan','aktif',14,'2026-06-13 10:11:20'),(176,'Operator Kasi Kesprev','kesprev2026@gmail.com','#Kesprev2026@#','Operator Kasi Kesprev',NULL,'Kesdam Jaya','ruangan','aktif',13,'2026-06-13 10:11:20'),(177,'Operator Kasi Renproggar','renproggar@gmail.com','$#Renproggar123','Operator Kasi Renproggar',NULL,'Kesdam Jaya','ruangan','aktif',15,'2026-06-13 10:11:20'),(178,'Operator Kasi Minlogkes','minlogkes2026@gmail.com','##Minlogkes123','Operator Kasi Minlogkes',NULL,'Kesdam Jaya','ruangan','aktif',11,'2026-06-13 10:11:20'),(179,'Operator Kasi Matkes','matkes2026@gmail.com','%Matkes123','Operator Kasi Matkes',NULL,'Kesdam Jaya','ruangan','aktif',22,'2026-06-13 10:11:20'),(180,'Operator Kasi Yankes','Yankes2026@gmail.com','#Yankes2026','Operator Kasi Yankes',NULL,'Kesdam Jaya','ruangan','aktif',10,'2026-06-13 10:11:20'),(181,'Operator Ka Primkop','primkop2026@gmail.com','###Primkop123','Operator Ka Primkop',NULL,'Kesdam Jaya','ruangan','aktif',9,'2026-06-13 10:11:20'),(182,'Operator Kagud Kesrah','gudkesrah@gmail.com','#@Gudkesrah123','Operator Kagud Kesrah',NULL,'Kesdam Jaya','ruangan','aktif',17,'2026-06-13 10:11:20'),(183,'Operator Paku Kesdam','stafpakukesdam2026@gmail.com','stafpakukesdam2026@##','Operator Paku Kesdam',NULL,'Kesdam Jaya','ruangan','aktif',30,'2026-06-13 10:11:20'),(184,'Operator SMK','stafsmkkesdamjaya@gmail.com','#stafSMKkesdamjaya','Operator SMK',NULL,'Kesdam Jaya','ruangan','aktif',31,'2026-06-13 10:11:20'),(185,'Operator Kaur Infokes','stafinfokes@gmail.com','##stafInfokes123','Operator Kaur Infokes',NULL,'Kesdam Jaya','ruangan','aktif',32,'2026-06-13 10:11:20'),(186,'Operator Kaur Log','staflogkesdam@gmail.com','#@staflogkesdam2026','Operator Kaur Log',NULL,'Kesdam Jaya','ruangan','aktif',33,'2026-06-13 10:11:20'),(187,'Operator Juyar','stafjuyarkesdam@gmail.com','#@stafjuyarkesdam','Operator Juyar',NULL,'Kesdam Jaya','ruangan','aktif',34,'2026-06-13 10:11:20'),(188,'Operator Persit','stafpersit@gmail.com','@@StafPersit123','Operator Persit',NULL,'Kesdam Jaya','ruangan','aktif',35,'2026-06-13 10:11:20'),(189,'Operator Kaur Pam','stafpamkesdam@gmail.com','StafPamkesdam123@#','Operator Kaur Pam',NULL,'Kesdam Jaya','ruangan','aktif',36,'2026-06-13 10:11:20'),(190,'Operator Kaurdal','stafurdalkesdam@gmail.com','#stafurdalkesdam2026','Operator Kaurdal',NULL,'Kesdam Jaya','ruangan','aktif',37,'2026-06-13 10:11:20'),(191,'Operator Korpri','stafkorpri@gmail.com','#StafKorpri12345','Operator Korpri',NULL,'Kesdam Jaya','ruangan','aktif',38,'2026-06-13 10:11:20'),(192,'RS MRM','rumahsakit.ridwan@gmail.com','rumkitMRM12345','RS MRM',NULL,'Jajaran','jajaran','aktif',42,'2026-06-13 10:17:18'),(193,'RS Cijantung','Cijantung.kesdamjaya@gmail.com','cijantung123','RS Cijantung',NULL,'Jajaran','jajaran','aktif',42,'2026-06-13 10:17:18'),(194,'RS Daan Mogot','rsdaanmogot@gmail.com','daanmogot123','RS Daan Mogot',NULL,'Jajaran','jajaran','aktif',42,'2026-06-13 10:17:18'),(195,'Rumkitban JS','rumkitban000801@gmail.com','rumkitban123','Rumkitban JS',NULL,'Jajaran','jajaran','aktif',42,'2026-06-13 10:17:18'),(196,'Polinduk Tangerang','polkestangerang@gmail.com','politangerang123','Polinduk Tangerang',NULL,'Jajaran','jajaran','aktif',42,'2026-06-13 10:17:18'),(197,'Polinduk Cijantung','Polkesindukcijantung@gmail.com','policijantung123','Polinduk Cijantung',NULL,'Jajaran','jajaran','aktif',42,'2026-06-13 10:17:18'),(198,'Polkes JP','Polkespusat2@gmail.com','polkesjp123','Polkes JP',NULL,'Jajaran','jajaran','aktif',42,'2026-06-13 10:17:18'),(199,'Polkes JU','polkesju@gmail.com','polkesju123','Polkes JU',NULL,'Jajaran','jajaran','aktif',42,'2026-06-13 10:17:18'),(200,'Polkes JB','perspolkes@gmail.com','polkesjb123','Polkes JB',NULL,'Jajaran','jajaran','aktif',42,'2026-06-13 10:17:18'),(201,'Polkes JT','polkesjakartatimur@gmail.com','polkesjt123','Polkes JT',NULL,'Jajaran','jajaran','aktif',42,'2026-06-13 10:17:18'),(202,'Polkes Bekasi','polkes000906bekasi@gmail.com','polkesbekasi123','Polkes Bekasi',NULL,'Jajaran','jajaran','aktif',42,'2026-06-13 10:17:18'),(203,'Polkes Depok','Polkes000907.depok@gmail.com','polkesdepok123','Polkes Depok',NULL,'Jajaran','jajaran','aktif',42,'2026-06-13 10:17:18'),(204,'Polmadam Jaya','polmakodamjayakarta@gmail.com','polma123','Polmadam Jaya',NULL,'Jajaran','jajaran','aktif',42,'2026-06-13 10:17:18'),(205,'SMK Kesdam Jaya','kesdamjayasmk@gmail.com','smkkesdam123','SMK Kesdam Jaya',NULL,'Jajaran','jajaran','aktif',42,'2026-06-13 10:17:18'),(206,'Kodam Jaya','kodamjaya2026@gmail.com','##kodamjaya2026##','Kodam Jaya',NULL,'Satuan Lain','satuan_lain','aktif',43,'2026-06-13 10:17:18'),(207,'Setum','setum@gmail.com','#@setum123@#','Setum',NULL,'Kesdam Jaya','admin','aktif',1,'2026-06-13 10:22:22'),(208,'Administrator','admin@gmail.com','#@Admin123@#','Administrator',NULL,'Kesdam Jaya','admin','aktif',1,'2026-06-13 10:22:22'),(209,'Kakesdam Jaya','kakesdamjaya2026@gmail.com','#Kakesdamjaya123','Kakesdam',NULL,'Kesdam Jaya','kakesdam','aktif',1,'2026-06-13 10:22:22'),(210,'Wakakesdam Jaya','wakakesdamjaya2026@gmail.com','Wakakesdamjaya123#','Wakakesdam',NULL,'Kesdam Jaya','wakakesdam','aktif',1,'2026-06-13 10:22:22'),(211,'Spri Pimpinan','spripimpinan@gmail.com','#@Spripimpinan2026#@','Spri',NULL,'Kesdam Jaya','spri','aktif',7,'2026-06-13 10:22:22'),(212,'Kasi Tuud','kasituud2026@gmail.com','$Kasituud123','Kasi Tuud',NULL,'Kesdam Jaya','kasi_tuud','aktif',1,'2026-06-13 10:22:22'),(213,'Super Admin','superadmin@gmail.com','#@superadmin@#','Super Admin',NULL,'IT System','admin','aktif',1,'2026-06-18 20:36:03'),(214,'Spri Pimpinan','spripimpinan2026@gmail.com','#@Spripimpinan2026#@','Staf',NULL,'Kesdam Jaya','spri','aktif',1,'2026-06-20 14:46:17');
/*!40000 ALTER TABLE `users` ENABLE KEYS */;
UNLOCK TABLES;
/*!40103 SET TIME_ZONE=@OLD_TIME_ZONE */;

/*!40101 SET SQL_MODE=@OLD_SQL_MODE */;
/*!40014 SET FOREIGN_KEY_CHECKS=@OLD_FOREIGN_KEY_CHECKS */;
/*!40014 SET UNIQUE_CHECKS=@OLD_UNIQUE_CHECKS */;
/*!40101 SET CHARACTER_SET_CLIENT=@OLD_CHARACTER_SET_CLIENT */;
/*!40101 SET CHARACTER_SET_RESULTS=@OLD_CHARACTER_SET_RESULTS */;
/*!40101 SET COLLATION_CONNECTION=@OLD_COLLATION_CONNECTION */;
/*!40111 SET SQL_NOTES=@OLD_SQL_NOTES */;

-- Dump completed on 2026-06-25  4:16:08
